record_id,title,authors,year,database,doi,language,duplicate,decision_stage,decision,exclusion_reason,notes
1,"Cultivated meat quality: a systematic review on the physicochemical, technological and sensory evaluation","Agostinis Ferreira, Guilherme and Poniewas, Luiza and De Macedo, Renata Ernlund Freitas",2026,Google Scholar,10.1080/10408398.2025.2528723,en,Não,Full-text eligibility,Excluded,purely technical study,
2,Critical perspective of animal production specialists on cell-based meat in Brazil: From bottleneck to best scenarios,"Heidemann, Marina S. and Taconeli, Cesar A. and Reis, Germano G. and Parisi, Giuliana and Molento, Carla FM",2020,Google Scholar,,,Não,Full-text eligibility,Excluded,no significant regulatory sections,
3,Ex Ante Emergy Synthesis of Cultivated Meat: Sustainability Insights and Benchmarks Against Conventional Systems,"Pereira, Roberto C. and Agostinho, Feni and Clasen, Arno P. and Almeida, Cecília MVB and Giannetti, Biagio F.",2026,Google Scholar,,,Não,Full-text eligibility,Excluded,purely technical study,
4,"Dynamics of Consumer Acceptance of Cultivated Meat in Future Food Systems: Mediation, Moderation, and Heterogeneity, A Quantitative Structural Equation Modeling Study in Brazil","Melo Mariano, Ari and Vargas de Souza Bento, Luana and Máximo Siqueira, Regiane and Rocha-Santos, Maíra",2026,Google Scholar,,,Não,Full-text eligibility,Excluded,no significant regulatory sections,
5,Trends in cultured meat: a bibliometric and sociometric analysis of publication,"Fernandes, Alice Munz and Fantinel, Antonio Luiz and de Souza, Ângela Rozane Leal and Révillion, Jean Philippe Palma",2019,Google Scholar,,,Não,Full-text eligibility,Excluded,fora do brasil; estudo sem seções regulatórias significantes,
6,Trends and technological challenges of 3D bioprinting in cultured meat: Technological prospection,"Barbosa, Willams and Correia, Paulo and Vieira, Jaqueline and Leal, Ingrid and Rodrigues, Letícia and Nery, Tatiana and Barbosa, Josiane and Soares, Milena",2023,Google Scholar,,,Não,Full-text eligibility,Excluded,purely technical study,
7,Cell-Based Meat and Food Policy,"Mancini, Maria Cecilia and Formici, Giulia and Mancini, Maria Cecilia and Scaffardi, Lucia",2025,Google Scholar,10.1007/978-3-032-14624-3_7,en,Não,Full-text eligibility,Excluded,outside Brazil,
8,"Cultivated meat: Technologies, commercialization and challenges","Soccol, Carlos Ricardo and Molento, Carla Forte Maiolino and Reis, Germano Glufke and Karp, Susan Grace",2024,Google Scholar,,,Não,Full-text eligibility,Excluded,book,
9,"Dynamics of Consumer Responses to Cultivated Meat in Future Food Systems: Mediation, Moderation, and Heterogeneity, A Quantitative Structural Equation Modeling Study in Brazil","Mariano, Ari Melo and de Souza Bento, Luana Vargas and Siqueira, Regiane Máximo and Rocha-Santos, Maíra",2026,Google Scholar,,,Não,Full-text eligibility,Excluded,no significant regulatory sections,
10,Global and Regional Policies for Cultivated Meat,"Marques, Maria and Morais-da-Silva, Rodrigo Luiz and Biscarra-Bellio, Jennifer C. and Ueta, Mariana Hase and Molento, Carla Forte Maiolino and Soccol, Carlos Ricardo and Molento, Carla Forte Maiolino and Reis, Germano Glufke and Karp, Susan Grace",2024,Google Scholar,10.1007/978-3-031-55968-6_18,en,Não,Full-text eligibility,Excluded,book; inaccessible,
11,Challenges and Prospects for Cultivated Meat Production,"Reis, Germano Glufke and Karp, Susan Grace and Molento, Carla Forte Maiolino and Soccol, Carlos Ricardo and Soccol, Carlos Ricardo and Molento, Carla Forte Maiolino and Reis, Germano Glufke and Karp, Susan Grace",2024,Google Scholar,10.1007/978-3-031-55968-6_21,en,Não,Full-text eligibility,Excluded,inaccessible; book,
12,Perspectives on cultured meat in countries with economies dependent on animal production: A review of potential challenges and opportunities,"da Silva, Bruno Dutra and Conte-Junior, Carlos Adam",2024,Google Scholar,,,Não,Full-text eligibility,Included,,
13,"Cultured Meat: A Multidimensional Review of Technological, Nutritional, Ethical, and Regulatory Advances (2020–2025)","Zão, Ana Carolina Agne Ferreira and Nogueira, Wesclen Vilar and Rondan, Filipe Soares and Scaglioni, Priscila Tessmer",2026,Google Scholar,10.1111/1750-3841.70915,en,Não,Full-text eligibility,Included,,
14,Drivers and barriers for the formation of the cultivated meat innovation ecosystem in Brazil: a multi-stakeholder perspective,"Cruz, Ana Paula Alves and Rocha, Thomaz Novais Novais and Fleury, Maria Tereza",2023,Google Scholar,,,Não,Full-text eligibility,Excluded,no significant regulatory sections,
15,Quality and Risk Control in Cultivated Meat Production,"De Macedo, Renata Ernlund Freitas and Ferreira, Guilherme Agostinis and Poniewas, Luiza and Barchiki, Fabiane and Rebelatto, Carmen Lúcia Kuniyoshi and Daga, Débora Regina and Costa, Leandro Batista and Rosa, Edvaldo Antonio Ribeiro and Soccol, Carlos Ricardo and Molento, Carla Forte Maiolino and Reis, Germano Glufke and Karp, Susan Grace",2024,Google Scholar,10.1007/978-3-031-55968-6_11,en,Não,Full-text eligibility,Excluded,book; inaccessible,
16,Livestock value chain in transition: Cultivated (cell-based) meat and the need for breakthrough capabilities,"Reis, Germano Glufke and Heidemann, Marina Sucha and Borini, Felipe Mendes and Molento, Carla Forte Maiolino",2020,Google Scholar,,,Não,Full-text eligibility,Excluded,no significant regulatory sections,
17,Tissue engineering challenges for cultivated meat to meet the real demand of a global market,"Santos, Andressa Cristina Antunes and Camarena, Denisse Esther Mallaupoma and Roncoli Reigado, Gustavo and Chambergo, Felipe S. and Nunes, Viviane Abreu and Trindade, Marco Antonio and Stuchi Maria-Engler, Silvya",2023,Google Scholar,,,Não,Full-text eligibility,Excluded,fora do tema; estudo puramente técnico,
18,On what basis do cooperatives engage in the cultivated meat market? Insights from Brazilian cooperatives,"da Silveira, Alexandre Borba and Abib, Gustavo and Reis, Germano Glufke",2026,Google Scholar,,,Não,Full-text eligibility,Excluded,no significant regulatory sections,
19,Regulatory Aspects of Cultivated Meat,"Cabral, Alexandre and De Oliveira Pereira, Isabela and Leitolis, Amanda and Soccol, Carlos Ricardo and Molento, Carla Forte Maiolino and Reis, Germano Glufke and Karp, Susan Grace",2024,Google Scholar,10.1007/978-3-031-55968-6_15,en,Não,Full-text eligibility,Excluded,inaccessible; book,
20,"Advances in Bovine Cultivated Meat and Precision Fermentation-Derived Milk Proteins: Technological, Regulatory, and Sensory Perspectives","Manzoki, Maria Clara and Negreiros Piazenski, Igor and Mânica Candelário, João Pedro and Soccol, Vanete Thomaz and De Melo Pereira, Gilberto Vinícius and Grace Karp, Susan and De Souza Vandenberghe, Luciana Porto and Soccol, Carlos Ricardo",2026,Google Scholar,10.1080/87559129.2025.2596204,en,Não,Full-text eligibility,Excluded,inaccessible,
21,Animal-derived components in cultivated meat research and their alternatives,"Garbin, Vivien Patrícia and Ferreira, Guilherme Agostinis and Olegário, Juliana do Canto and Poniewas, Luiza and de Macedo, Renata Ernlund Freitas",2025,Google Scholar,,,Não,Full-text eligibility,Excluded,purely technical study,
22,"How much do opinions regarding cultivated meat vary within the same country? The cases of São Paulo and Salvador, Brazil","Mendes, Gabriel and Biscarra-Bellio, Jennifer Cristina and Heidemann, Marina Sucha and Taconeli, Cesar Augusto and Molento, Carla Forte Maiolino",2025,Google Scholar,,,Não,Full-text eligibility,Excluded,no significant regulatory sections,
23,First glimpse on attitudes of highly educated consumers towards cell-based meat and related issues in Brazil,"Fiedler, Rodrigo",2026,Google Scholar,,,Não,Full-text eligibility,Excluded,no significant regulatory sections,
24,Alternative proteins in Brazil: nomenclature for plant based & cultured meat,"Bryant, Christopher and Krelling, Felipe",2020,Google Scholar,,,Não,Full-text eligibility,Excluded,purely technical study,
25,From introduction to the production of cultivated meat in higher education in Brazil,"Biscarra, Jennifer Cristina and Molento, Carla Forte Maiolino",2024,Google Scholar,,,Não,Full-text eligibility,Excluded,inaccessible,
26,"Enterobacteriaceae contamination in raw chicken meat from Amazonas, Brazil: implications for food hygiene","Amorim, A. B. A. and Santos, A. N. A. and Campelo, M. M. and Amorim, A. S. A. and Santos, S. M. and Lopes Junior, A. L. and Aride, P. H. R. and Oliveira, A. T.",2026,SciELO,10.1590/1519-6984.305490,en,Não,Triagem título/resumo,Excluded,out of scope,
27,Results of industrial crossbreeding of meat-wool sheep with specialized foreign meat breeds,"Kassenov, Zh. and Kulzhanova, B. and Khamzina, S. and Dyussegaliyev, M. and Baimukhanbetova, K.",2026,SciELO,10.1590/1519-6984.307070,en,Não,Triagem título/resumo,Excluded,out of scope,
28,El impacto de la actualización tecnológica en la competitividad de las empresas cárnicas de Cuenca,"González González, Christian and Vázquez-Loaiza, Juan Pablo",2025,SciELO,10.32719/25506641.2025.18.5,es,Não,Triagem título/resumo,Excluded,out of scope,
29,Dystocia and stillbirth in beef cattle with subclinical hypomagnesemia: a case study,"Sosa, E. and Miqueo, E. and Mejía, M. and Fernández, E. and Fernández Tovo, M. and Cruz, M. and Campero, L. M. and Moore, D. P. and Morrell, , E. and Cantón, , G. J.",2025,SciELO,10.30972/vet.3618089,es,Não,Triagem título/resumo,Excluded,out of scope,
30,Efecto del extracto de ajo más cebolla en el rendimiento productivo y morfometría intestinal en pollos de carne,"Pujada A., Hilario and Rojas B., Nilsa and Legua C., José and Airahuacho B., Félix and Velásquez V., Carlomagno",2025,SciELO,10.15381/rivep.v36i2.28064,es,Não,Triagem título/resumo,Excluded,out of scope,
31,Estado de situación de los servicios de inmunización en las farmacias de comunidad privada de Costa Rica,"Segura Cano, S and Montero Chinchilla, N and Quesada Rojas, Y",2025,SciELO,10.4321/s1699-714x2025000100006,es,Não,Triagem título/resumo,Excluded,out of scope,
32,"Inclusión de la vaina de Guanacaste (Enterolobium cyclocarpum) en la dieta de corderos sobre características productivas, de canal y de carne","Ramírez-Reyes, Juan Manuel and Pinos-Rodríguez, Juan Manuel and Dávila-Montero, Urso Martín and Verdes-García, José Manuel and López-Aguirre, Samuel and Martínez-Hernández, Jose Manuel",2025,SciELO,10.22319/rmcp.v16s4.6729,es,Não,Triagem título/resumo,Excluded,out of scope,
33,A methodological approach to estimating the production value of family farming in Uruguay,"Ackermann, M. N. and Aguirre, E. and Cortelezzi, Á. and Sanguinetti, M.",2025,SciELO,10.31285/agro.29.1617,en,Não,Triagem título/resumo,Excluded,out of scope,
34,Efeito das pausas psicofisiológicas na temperatura das mãos de trabalhadores de frigoríficos,"Dias, Natália Fonseca and Tirloni, Adriana Seára and Moro, Antônio Renato Pereira",2025,SciELO,10.1590/2317-6369/15123pt2025v50e4,pt,Não,Triagem título/resumo,Excluded,out of scope,
35,"Qualitative determination of tetracycline residues in bovine meat at the level of the municipal slaughterhouse of Santa Rosa Canton, Oro province, Ecuador","Blacio, M. V. F. and Mora, M. G. M. and Santillán, N. S. T. and Llivi-Marcatoma, J. and Rivera, N. E. A. and Caiminagua, H. J. V. and Andrade, L. Cabezas and Rivera, S. A. G.",2025,SciELO,10.1590/1519-6984.295997,en,Não,Triagem título/resumo,Excluded,out of scope,
36,Sodium content in packaged foods and beverages in Argentina in 2024 and policy implications,"Guarnieri, Leila and Cámara, Florencia and Tiscornia, Maria Victoria and Pirola, Malena and Castronuovo, Luciana",2025,SciELO,10.26633/rpsp.2025.98,en,Não,Triagem título/resumo,Excluded,out of scope,
37,Marketing margins in the beef supply chain in Rio Grande do Sul: COVID-19 pandemic impacts,"Viana, João Garibaldi Almeida and Rodrigues, Gerson Alex Rocha and Valle, Carine Dalla and Boscardin, Mariele and Dörr, Andréa Cristina",2025,SciELO,10.1590/0103-8478cr20240364,en,Não,Triagem título/resumo,Excluded,out of scope,
38,Optimización digital integral para la empresa “EMCABOL LTDA.” a través del desarrollo de una página web,"Cusiquispe Cusiquispe, Joel and Espinoza Paz, Max and Taboada Belmonte, Gloria Cristal and Rosales Camacho, Pavel",2024,SciELO,10.53287/vmqq2552iq38s,es,Não,Triagem título/resumo,Excluded,out of scope,
39,Características de la canal en ganado Simmental y Simbrah en México,"Upalía-Orozco, Rafael and Martínez-Velázquez, Guillermo and Montaño-Bermúdez, Moises and Medina-Chapa, José Manuel and Ríos-Utrera, Ángel and Carrasco-García, Apolo Adolfo and Martínez-Hernández, José Manuel and Villagómez-Cortés, José Alfredo and Vega-Murillo, Vicente Eliezer",2024,SciELO,10.29393/chjaas40-10ccrv90010,es,Não,Triagem título/resumo,Excluded,out of scope,
40,Identification and bioinformatic analysis of invA gene of Salmonella in free range chicken,"Mohammed, B. T.",2024,SciELO,10.1590/1519-6984.263363,en,Não,Triagem título/resumo,Excluded,out of scope,
41,Duty cycle and high-frequency effects on welfare and meat quality of broilers chicken: compliance with European animal stunning regulation,"Rocha, Bruna Regina Pereira da and Adria, Amanda and Lima, Vanderlei Aparecido de and Weber, Cleusa Inês and Machado-Lunkes, Alessandra",2024,SciELO,10.1590/0103-8478cr20220668,en,Não,Triagem título/resumo,Excluded,out of scope,
42,Technical efficiency in beef cattle farming in Uruguay: Insights from census data,"Aguirre, E. and García Suárez, F. and Sicilia, G.",2024,SciELO,10.31285/agro.28.1237,en,Não,Triagem título/resumo,Excluded,out of scope,
43,Las políticas de la carne: del Mitín de 1905 al Matadero Público de 1847,"Correa-Gómez, María José",2024,SciELO,10.1590/s2178-149420240314,es,Não,Triagem título/resumo,Excluded,out of scope,
44,Effect of applying lime essential oil (Citrus latifolia) on the physicochemical and microbiological characteristics of beef meat sausage,"Frazão, Leticia de Kássia Reis and Serra, Josilene Lima and Pereira, Geisa Lohuama da Luz and Lima, Leidiana de Sousa and Gomes, Rafael Alves and Alves, Gleice Karoline dos Santos and Pereira, Anderson Lopes and Mouchreck, Adenilde Nascimento",2024,SciELO,10.1590/s1519-994020240010,en,Não,Triagem título/resumo,Excluded,out of scope,
45,Improving reproduction and growth characteristics of indegenous goats in smallholding farming system,"Koluman, Nazan and Durmuş, Murat and Güngör, İrfan",2024,SciELO,10.1590/0103-8478cr20230028,en,Não,Triagem título/resumo,Excluded,out of scope,
46,"Use and filling out of the child health booklet among beneficiaries of the Bolsa Família Program in Salvador-Bahia, Brazil: a cross-sectional study, 2023","Palombo, Claudia Nery Teixeira and Oliveira, Márcia Maria Carneiro and Whitaker, Maria Carolina Ortiz and Araújo, Ráren Paulo da Silva and Santos, Carolina de Jesus and Passos, Mariana Cavalcante Brotas and Oliveira, Clariana Vitória Ramos de and Souza, Ednir Assis",2024,SciELO,10.1590/s2237-96222024v33e2024498.en,en,Não,Triagem título/resumo,Excluded,out of scope,
47,Sincronización del estro y ovulación en hembras bovinas de razas cárnicas. Bases endocrinas y protocolos usados,"Hernández-Coronado, Cyndi and Rosales-Torres, Ana and Vázquez-López, Salomón and Guzmán-Sánchez, Adrián",2023,SciELO,10.21929/abavet2023.16,es,Não,Triagem título/resumo,Excluded,out of scope,
48,Serological and vaccine evaluation for hepatitis B among Community Health Workers,"Amaral, Tauana de Souza and Alves, Clery Mariano da Silva and Rezende, Fabiana Ribeiro and Caetano, Karlla Antonieta Amorim and Tipple, Anaclara Ferreira Veiga",2023,SciELO,10.1590/1518-8345.6107.3765,en,Não,Triagem título/resumo,Excluded,out of scope,
49,Análisis de estrategias aplicadas por emprendimientos agroganaderos del Chaco central. Año 2020,"Peña Cardozo, Angel Ramón and Oporto Giménez, Adán Ariel and Ovelar Benítez, Hugo Miguel and Torales Solís, Genaro Marcial and León Fretes, Leticia Lorena",2023,SciELO,10.18004/ucsa/2409-8752/2023.010.03.023,es,Não,Triagem título/resumo,Excluded,out of scope,
50,Occurrence of Salmonella spp. in the broiler production chain,"Queiroz, A.C. and Milanesi, M. and Queiroz, L.H. and Nunes, C.M.",2023,SciELO,10.1590/1678-4162-12842,en,Não,Triagem título/resumo,Excluded,out of scope,
51,Calidad microbiológica de embutidos crudos: estudio del caso en Latinoamérica,"Redondo-Solano, Mauricio and Valenzuela-Martínez, Carol and Cordero-Calderón, Valery and Araya-Morice, Adriana",2023,SciELO,10.37527/2023.73.3.004,es,Não,Triagem título/resumo,Excluded,out of scope,
52,Modulación de las emisiones de gases efecto invernadero de un hato lechero,"Guerrero, Cindy Carolina López and Quelal, Washington Orlando Meneses",2023,SciELO,10.33996/revistaalfa.v7i20.226,es,Não,Triagem título/resumo,Excluded,out of scope,
53,¿Es México competitivo en el comercio internacional de carne de pollo?,"Bustamante-Lara, Tzatzil Isela and Téllez-Sánchez, Fernando and Rodríguez-Haros, Benito and Vargas-Canales, Juan Manuel and Reyes-Barrera, Dulce María and Rosas-Vargas, Rocío",2023,SciELO,10.24836/es.v33i61.1276,es,Não,Triagem título/resumo,Excluded,out of scope,
54,Estudo metanalítico sobre a microbiologia da carne bovina moída no Brasil,"Araújo, C.A. and Novaes, J. J. S. and Lima, D. O. and Santos, N. S. and Campos, F. S. and Gois, G. C. and Borba, P. H. P.",2023,SciELO,10.15446/rfmvz.v70n1.100851,pt,Não,Triagem título/resumo,Excluded,out of scope,
55,"Determinación de dietilestilbestrol, zeranol y trembolona en carne de pollo de origen nacional e importado","Peña-Torres, Edgar Fernando and Benitez-Hernández, Asahel and García-Barron, Sergio Erick and Peña-Morán, Omar Aristeo and Montero-Lara, Gabriel Ángel",2023,SciELO,10.19136/era.a10niii.3709,es,Não,Triagem título/resumo,Excluded,out of scope,
56,"Prevalence of bovine fascioliasis and economic losses in an abattoir located in the state of Espírito Santo, Brazil","Teixeira, Jessica Nogueira and Barcellos, Rodrigo Rhoden and Link, Daniella Tosta and Mathias, Luis Antonio and Tobias, Fernando Luiz and Braga, Fabio Ribeiro and Rossi, Gabriel Augusto Marques",2023,SciELO,10.1590/0103-8478cr20220121,en,Não,Triagem título/resumo,Excluded,out of scope,
57,Morphology and molecular phylogeny of trypanorhynchid metacestodes infecting commercial fish of the Mediterranean Sea,"Morsy, K. and Dajem, S.B. and Alghamdi, A. and El-kott, A. and Ibrahim, E. and Attia, K. and Al-Doaiss, A. and El-Mekkawy, H. and Sheraba, N. and Baiomy, A. and Fahmy, M. and Shalaby, F.",2023,SciELO,10.1590/1678-4162-12892,en,Não,Triagem título/resumo,Excluded,out of scope,
58,"Identificación de hábitos, conductas y prácticas de niñas, niños y adolescentes de 5º y 6º año en instituciones educativas públicas y privadas","Paz, Sergio and Trianon, Verónica and Arana, Maite and Gutiérrez, Stella",2023,SciELO,10.31134/ap.94.2.4,es,Não,Triagem título/resumo,Excluded,out of scope,
59,"Mantenimiento del estatus de eliminación del sarampión en Colombia durante el control de brotes, 2019","Prieto Alvarado, Franklyn Edwin and Salas Suspes, Helena Patricia and Cortés Molano, Natalí Paola and Tavera, Pilar Andrea",2023,SciELO,10.26633/rpsp.2023.165,es,Não,Triagem título/resumo,Excluded,out of scope,
60,Vertical and spatial price transmission in the Mexican and international cattle and beef market,"Jaramillo Villanueva, José Luis",2022,SciELO,10.22319/rmcp.v13i4.5839,es,Não,Triagem título/resumo,Excluded,out of scope,
61,Frecuencia y puntaje de jadeo en bovinos productores de carne en finalización intensiva durante el verano,"Romo Valdez, Ana Mireya and Portillo Loera, Jesús José and Urías Estrada, Jesús David and Estrada Angulo, Alfredo and Castro Pérez, Beatriz Isabel and Ríos Rincón, Francisco Gerardo",2022,SciELO,10.22319/rmcp.v13i2.5977,es,Não,Triagem título/resumo,Excluded,out of scope,
62,Fiebre Q: revisión histórica de casos humanos en Uruguay. Abordaje desde la complementariedad entre las ciencias médicas y veterinarias,"Rabaza, Ana and Giannitti, Federico and Fraga, Martín and Pérez Lorenzo, Claudia and Hirigoyen, Darío",2022,SciELO,10.29193/rmu.38.2.8,es,Não,Triagem título/resumo,Excluded,out of scope,
63,Peso corporal y peso del huevo de Campero Casilda como gallina doble propósito,"Martín Romera, Bernardo and Edith Canet, Zulma and Fernández, Ramiro and Dottavio, Ana María and Di Masso, Ricardo José",2022,SciELO,,es,Não,Triagem título/resumo,Excluded,out of scope,
64,"Epidemiology and economic impact of bovine cysticercosis in the state of Espírito Santo, Brazil","Rossi, Gabriel Augusto Marques and Mathias, Luis Antonio and Tobias, Fernando Luiz and Ferraz, Carolina Magri and Sobral, Samilla Alves and Veloso, Francielle Bosi Rodrigues and Lima, José Antonio Correia and Aguiar, Deivisson Ferreira and Braga, Fabio Ribeiro",2022,SciELO,10.1590/0103-8478cr20210745,en,Não,Triagem título/resumo,Excluded,out of scope,
65,Larval cestodes infecting commercial fish of Alexandria coast along the Mediterranean Sea: morphology and phylogeny,"Morsy, Kareem and Dajem, Saad Bin and Al-Kahtani, Mohammed and El-kott, Attalla and Ibrahim, Essam and Hamdi, Hamida and Al-Doaiss, Amin and Abumandour, Mohamed and El-Mekkawy, Haitham and Massoud, Diaa and Adel, Asmaa and El-Kareem, Shams Abd",2022,SciELO,10.1590/s1984-29612022030,en,Não,Triagem título/resumo,Excluded,out of scope,
66,"Labeling food allergens in the packaged food pyramid groups in Brazil: analysis of descriptions, ambiguities, and risks","Lopes, Joice Ferreira and Carvalho, Mary de Assis and Machado, Nilton Carlos",2022,SciELO,10.1590/1984-0462/2022/40/2021079in,pt,Não,Triagem título/resumo,Excluded,out of scope,
67,Job rotation as a legal requirement: analysis of the participatory approach in acceptance and workers’ perception at a meatpacking plant,"Messias, Iracimara de Anchieta and Nascimento, Adelaide and Rocha, Raoni",2022,SciELO,10.1590/1806-9649-2022v29e10522,en,Não,Triagem título/resumo,Excluded,out of scope,
68,Economic impact of chronic pleural lesions and consequent disqualification of carcasses for export during inspection in swine slaughterhouses,"Rocha, Nilson and Mores, Marcos A.Z. and Dezen, Diógenes and Mores, Nelson and Coldebella, Arlei and Rebelatto, Raquel and Kich, Jalusa D.",2022,SciELO,10.1590/1678-5150-pvb-7118,en,Não,Triagem título/resumo,Excluded,out of scope,
69,Influence of intrinsic and extrinsic factors on the sensory perception and intention to purchase buffalo meat by consumers in Southeast Brazil,"Andrade, Bruna Fernandes and Paula, Marielle Maria de Oliveira and Carneiro, João de Deus Souza and Fontes, Paulo Rogério and Torres Filho, Robledo de Almeida and Ramos, Eduardo Mendes and Ramos, Alcinéia de Lemos Souza",2022,SciELO,10.1590/1981-6723.00222,en,Não,Triagem título/resumo,Excluded,out of scope,
70,Análise retrospectiva das causas de condenações de carcaças e vísceras de bovinos abatidos em abatedouros frigoríficos na Região Norte da Amazônia Oriental,"Damasceno Neto, Manoel Soares and Conceição de Lima Nunes, Emília do Socorro and Conceição da Silva, Welligton",2021,SciELO,10.21615/cesmvz.6331,pt,Não,Triagem título/resumo,Excluded,out of scope,
71,Efecto de la raza sobre la calidad de la canal y de la carne en corderos Pampinta y su cruza con Hampshire Down,"Stazionati, MF and Keilty, H and Sánchez, H and Murci, VN",2021,SciELO,10.19137/cienvet202123206,es,Não,Triagem título/resumo,Excluded,out of scope,
72,Valoración del confort térmico de bovinos productores de carne en finalización intensiva en clima cálido,"Zazueta G., Citlaly and Castro P., Isabel and Estrada-Angulo, Alfredo and Portillo L., Jesús and Urías E., David and Ríos R., Francisco",2021,SciELO,10.15381/rivep.v32i5.19301,es,Não,Triagem título/resumo,Excluded,out of scope,
73,Identification of pig farm practices in the central Andean region of Colombia,"Trujillo-Díaz, Johanna and Díaz-Piraquive, Flor Nancy and Herrera, Milton M. and Gómez Acero, Jairo",2021,SciELO,10.21930/rcta.vol22_num2_art:1535,en,Não,Triagem título/resumo,Excluded,out of scope,
74,¿Cómo los consumidores valoran atributos de calidad de carne bovina y su disposición a pago?,"BARRAGÁN-HERNÁNDEZ, , WILSON and MAHECHA-LEDESMA, , LILIANA and OLIVERA-ANGEL, , MARTHA and ANGULO-ARIZALA, , JOAQUÍN",2021,SciELO,10.18684/bsaa(19)167-179,es,Não,Triagem título/resumo,Excluded,out of scope,
75,Caracterización de los factores de riesgo modificables para el cáncer colorrectal,"García Méndez, Imandra María and Benavides Couto, Alexander and Arrechea Betancourt, Yaima and Surí García, Claudia Beatriz and de la Mora Martín, Fernando",2021,SciELO,,es,Não,Triagem título/resumo,Excluded,out of scope,
76,"Qualidade microbiológica da água e dos mexilhões Perna perna (Linnaeus, 1758) cultivados em Piúma, Espírito Santo, Brasil","Silva, Breno Ribeiro da and Menegardo, Suzana Bianquini and Aride, Paulo Henrique Rocha and Lavander, Henrique David and Spago, Flávia Regina and Souza, Thiago Bernardo de",2021,SciELO,10.1590/s1413-415220180169,pt,Não,Triagem título/resumo,Excluded,out of scope,
77,Competitividade das exportações de carne bovina do Brasil: uma análise das vantagens comparativas,"Rodrigues, Lucas Melo Silva and Marta-Costa, Ana Alexandra",2021,SciELO,10.1590/1806-9479.2021.238883,pt,Não,Triagem título/resumo,Excluded,out of scope,
78,"Occurrence of anti-Toxoplasma gondii and anti-Neospora caninum antibodies in pigs in the State of Pará, Brazil","Lopes, Leonardo Machado and Minervino, Antonio Humberto Hamad and Monger, Suellen da Gama Barbosa and Soares, Herbert Sousa and Portela, Juliana Machado and Ferreira, Juliana Isabel Giuli da Silva and Gennari, Solange Maria and Pereira, Washington Luiz Assunção",2021,SciELO,10.1590/s1984-296120201085,en,Não,Triagem título/resumo,Excluded,out of scope,
79,Time series evaluation of ascitic syndrome condemnation at poultry abattoirs under Federal Inspection Service of Brazil (2010-2019),"Souza, Marina C.C. and Borges, Luiz Felipe N.M. and Nascimento, Yago F. and Costa, Letícia R.M. and Dias, Sthéfany C. and Ventura, Nayla K.O. and Freire, Isabela S. and Cossi, Marcus V.C.",2021,SciELO,10.1590/1678-5150-pvb-6806,en,Não,Triagem título/resumo,Excluded,out of scope,
80,"Primeiro registro de Lysuraceae Corda (Phallales, Basidiomycota, Fungi) para o Nordeste brasileiro","Azevedo, Cecília Oliveira de and Caires, Claudenir Simões and Trierveiler-Pereira, Larissa",2021,SciELO,10.1590/2236-8906-06/2021,pt,Não,Triagem título/resumo,Excluded,out of scope,
81,"El ganado bovino Criollo Coreño del occidente de México en la producción de carne: caracterización, retos y perspectivas","Martínez-Velázquez, Guillermo and Ríos-Utrera, Ángel and Palacios-Fránquez, José Antonio and Vega-Murillo, Vicente Eliezer and Montaño-Bermúdez, Moisés",2021,SciELO,10.22319/rmcp.v12s3.5884,es,Não,Triagem título/resumo,Excluded,out of scope,
82,Most consumed foods in Brazil: evolution between 2008-2009 and 2017-2018,"Rodrigues, Renata Muniz and Souza, Amanda de Moura and Bezerra, Ilana Nogueira and Pereira, Rosangela Alves and Yokoo, Edna Massae and Sichieri, Rosely",2021,SciELO,10.11606/s1518-8787.2021055003406,pt,Não,Triagem título/resumo,Excluded,out of scope,
83,Electrical stunning in South American catfish (Rhamdia quelen) using direct current waveform: welfare and meat quality,"Rucinque, Daniel Santiago and Biscaia, Andrea Gomes Chalbaud and Watanabe, André Luiz and Molento, Carla Forte Maiolino",2021,SciELO,10.1590/0103-8478cr20200547,en,Não,Triagem título/resumo,Excluded,out of scope,
84,"Concordância do registro informatizado de imunização de Araraquara, São Paulo, 2018","Garcia, Érica Marvila and Murakami Junior, Jose and Costa, Ângela Aparecida and Inenami, Marta and Figueiredo, Walter Manso and Waldman, Eliseu Alves and Sato, Ana Paula Sayuri",2021,SciELO,10.1590/s1679-49742021000200023,pt,Não,Triagem título/resumo,Excluded,out of scope,
85,RECURSOS ANIMALES Y SUBSISTENCIA HUMANA EN LOS VALLES DE ALTURA DEL NOROESTE ARGENTINO: EL CASO DEL SITIO LOS VISCOS DURANTE LOS PERÍODOS TARDÍO E HISPANO-INDÍGENA,"Arias, María Florencia",2020,SciELO,,es,Não,Triagem título/resumo,Excluded,out of scope,
86,Comercialização ilegal de carne de animais silvestres em feiras livres de algumas cidades do Estado do Amazonas (Brasil),"Mendes, Fabrício Lemos de Siqueira",2020,SciELO,10.24188/recia.v12.n2.2020.765,pt,Não,Triagem título/resumo,Excluded,out of scope,
87,"Investigation of Listeria monocytogenes, Salmonella enterica and Yersinia enterocolitica in pig carcasses in Southern Brazil","Kich, Jalusa D. and Souza, Agnes I.A. and Montes, Júlia and Meneguzzi, Mariana and Costa, Eduardo F. and Coldebella, Arlei and Corbellini, Luis Gustavo and Cardoso, Marisa",2020,SciELO,10.1590/1678-5150-pvb-6628,en,Não,Triagem título/resumo,Excluded,out of scope,
88,Transcriptos alternativamente poliadenilados de calpastatina en músculos de bovino,"Casale, M.F and Silvestro, C and Corva, P.M and Soria, L.A",2020,SciELO,,es,Não,Triagem título/resumo,Excluded,out of scope,
89,Estudio de los hábitos y generación de desperdicios alimentarios de jóvenes estudiantes universitarios,"Morata, María Piedad and González-Santana, Raquel A. and Blesa, Jesús and Frígola, Ana and Esteve, María J.",2020,SciELO,10.20960/nh.02833,es,Não,Triagem título/resumo,Excluded,out of scope,
90,Os impactos sobre o agronegócio da carne bovina na Argentina e no Brasil: uma análise histórica e comparada,"Brisola, Marlon Vinícius",2020,SciELO,10.35588/rivar.v7i19.4351,es,Não,Triagem título/resumo,Excluded,out of scope,
91,Use of Prochilodus lineatus meat for burger making,"Pretto, Alexandra and Camargo, Antonio Cleber da Silva and Stefanello, Cristiano Miguel and Kuroda, Caroline Naomi and Rosa, Guilherme Masteloto da and Gollino, Gabriel de Paula and Ribeiro, Vanessa Bley and Neis, Alessandra Sayuri Kikuchi Tamajusuku",2020,SciELO,10.1590/1981-6723.23019,en,Não,Triagem título/resumo,Excluded,out of scope,
92,"Identification of commercial meats from Amazonas, Peru using PCR-RFLP of mitochondrial 12S rRNA gene","Tafur-Culqui, Josué and Calderon, Martha S. and Bustamante, Danilo E.",2020,SciELO,10.1590/1981-6723.27419,en,Não,Triagem título/resumo,Excluded,out of scope,
93,Monitoring of Newcastle disease in poultry at migratory birds landing sites: Mangue Seco and Cacha Pregos between 2013 and 2014,"Prinz, Marcos Santos and Fernandes, Bruno Passos and Ribas, Jorge Raimundo Lins and Santos, Maíra Pessoa Jornane Barbosa and Ferrão, Iram da Silva and Leal, Rui Ferreira and Souza, Verena Maria Mendes de and Cerqueira, Robson Bahia",2020,SciELO,10.1590/1808-1657000122020,en,Não,Triagem título/resumo,Excluded,out of scope,
94,Óptimos técnicos para la producción de leche y carne en el sistema bovino de doble propósito del trópico mexicano,"Bautista Martínez, Yuridia and Espinosa García, José Antonio and Herrera Haro, José Guadalupe and Martínez Castañeda, Francisco Ernesto and Vaquera Huerta, Humberto and Estrada Drouaillet, Benigno and Granados Rivera, Lorenzo Danilo",2019,SciELO,10.22319/rmcp.v10i4.4927,es,Não,Triagem título/resumo,Excluded,out of scope,
95,"Caracterização microbiológica, físico-química e das condições de produção e comercialização da carne de sol de Salinas, Minas Gerais","Assis, D.C.S. and Santos, T.M. and Ornellas, C.B.D. and Drummond, A.F. and Magalhães, F.C. and Santos, W.L.M.",2019,SciELO,10.1590/1678-4162-11325,pt,Não,Triagem título/resumo,Excluded,out of scope,
96,Las empresas frigoríficas en Argentina: estrategias empresariales y cambios en el sector industrial (1882-1930),"Lluch, Andrea",2019,SciELO,10.18232/alhe.985,es,Não,Triagem título/resumo,Excluded,out of scope,
97,Metabolism and function of lipids in the adipose and liver tissues of production ruminants: a review,"Castillo Vargas, Julián Andrés",2019,SciELO,10.21615/cesmvz.14.2.3,en,Não,Triagem título/resumo,Excluded,out of scope,
98,Impacto de los cambios en el ingreso sobre la demanda de carnes en México,"Martínez Luis, David and Caamal Cauich, Ignacio and Pat Fernández, Lucio Alberto and Pérez Fernández, Alberto and Torres Tello, Giovanna Patricia and Anguebes Franceschi, Francisco",2019,SciELO,10.29312/remexca.v10i3.1241,es,Não,Triagem título/resumo,Excluded,out of scope,
99,Por una Sociología de carne y sangre,"Wacquant, Loïc",2019,SciELO,,es,Não,Triagem título/resumo,Excluded,out of scope,
100,Long-term beef production from pastures established with and without annual crops compared with native savanna in the Eastern Plains of Colombia: A compilation and analysis of on-farm results 1979‒2016,"VERA, RAÚL R. and HOYOS GARCÉS, PHANOR",2019,SciELO,10.17138/tgft(7)1-13,en,Não,Triagem título/resumo,Excluded,out of scope,
101,Effect of chitosan coating on contamination of fresh bovine meat sold in the open market,"Silva, Alessandra Santana and Sampaio, Adriana Pereira and Santos, Marly Silveira and Souza, Bartolomeu Warlene Silva de and Evangelista-Barreto, Norma Suely",2019,SciELO,10.5935/1806-6690.20190005,en,Não,Triagem título/resumo,Excluded,out of scope,
102,Lipid content and fatty acids compositions in commercial cuts of young goat meat,"Machado, Bruna Aparecida Souza and Gomes, Ivana Silva and Nunes, Cassiane da Silva Oliveira and Andrade, Graciele de Queiroz and Nery, Tatiana Barreto Rocha and Reis, João Henrique de Oliveira and Barbosa, Josiane Dantas Viana and Druzian, Janice Izabel",2019,SciELO,10.1590/0103-8478cr20180587,en,Não,Triagem título/resumo,Excluded,out of scope,
103,AVALIAÇÃO MICROBIOLÓGICA DE COXA E SOBRECOXA DE FRANGO COMERCIALIZADAS A GRANEL EM SINOP-MT,"Freitas, Filipe and Almeida, Rodrigo de and Fortuna, Jorge Luiz and Cabral, Claudius Couto and Franco, Robson Maia and Vieira, Thaís Badini",2019,SciELO,10.1590/1809-6891v20e-50116,pt,Não,Triagem título/resumo,Excluded,out of scope,
104,Efectos del tiempo de espera prefaena y la zona térmica en camiónsobre la inmovilidad tónica en pollos parrilleros,"Gallard, E. and Menichelli, M. and Revidatti, F.A. and Fernandez, R. and Sanz, P.",2018,SciELO,10.30972/vet.2923274,es,Não,Triagem título/resumo,Excluded,out of scope,
105,"Aves y mamíferos silvestres usados por pobladores del Bajo Urubamba, Cusco, Perú","Costa, Juan F and Ríos-Choronto, Robert and Peña-Candia, Luz Z and Simões, Erik",2018,SciELO,10.15381/rpb.v25i4.15534,es,Não,Triagem título/resumo,Excluded,out of scope,
106,"Morfologia do órgão vomeronasal da paca (Cuniculus paca Linnaeus, 1766)","Figueiredo, Mariana C.S. and Leal, Leonardo M. and Oliveira, Fabrício S. and Martins, Leandro L. and Garcia Filho, Sergio P. and Machado, Marcia R.F. and Sasahara, Tais H.C.",2018,SciELO,10.1590/1678-5150-pvb-5288,pt,Não,Triagem título/resumo,Excluded,out of scope,
107,"Comportamiento de los trastornos hipertensivos gestacionales, en el policlínico René Ávila Reyes, Holguín, Cuba, desde el año 2015 al 2016","Cedeño Escobar, Dainier and Checa Martínez, Yairelys and Ochoa Roca, Tatiana Zoila and San José Pérez, Daisy Maritza and Leyva Sánchez, Andrés",2018,SciELO,,es,Não,Triagem título/resumo,Excluded,out of scope,
108,"Production of cured, voided meat sausage with apple pomade added (Malus domestica) and its impact in nutritional and sensorial values","Loyola, Nelson and Acuña, Carlos and Fuentes, Diego and Arriola, Mariela",2018,SciELO,,en,Não,Triagem título/resumo,Excluded,out of scope,
109,A cost-effective method for rapid identification of the southern muriqui (Brachyteles arachnoids: a contribution for the control of illegal bushmeat trade,"Valões Cardoso, M. Luiza and Ferreira, Paula B and Wanderley, Artur M and Torres, Rodrigo A and Talebi Gomes, Mauricio and Teixeira, Rodrigo H. F and Duarte, José M. B and Garcia, José E",2018,SciELO,,es,Não,Triagem título/resumo,Excluded,out of scope,
110,"Cacería de venados Odocoileus virginianus, Mazama americana (Artiodactyla: Cervidae) en tres comunidades de Yucatán","Montes-Pérez, Rubén and Ek-May, Pedro and Aguilar-Cordero, Wilian and Magaña-Monforte, Juan and Montes-Cruz, Fausto",2018,SciELO,10.21929/abavet2018.81.9,es,Não,Triagem título/resumo,Excluded,out of scope,
111,Función de producción de la ganadería de carne en la zona sur del Estado de México,"Morales-Hernández, José Luis and González-Razo, Felipe de Jesús and Hernández Martínez, Juvencio",2018,SciELO,10.22319/rmcp.v9i1.4345,es,Não,Triagem título/resumo,Excluded,out of scope,
112,"Welfare-friendly Products: availability, labeling and opinion of retailers in Curitiba, Southern Brazil,","Franco, Bruna Maria Remonato and Souza, Ana Paula Oliveira and Molento, Carla Forte Maiolino",2018,SciELO,10.1590/1234-56781806-94790560101,en,Não,Triagem título/resumo,Excluded,out of scope,
113,"Hygienic sanitary conditions of vacuum packed beef produced by slaughterhouses qualified for export in the Mato Grosso state, Brazil","Machado, Maxsueli Aparecida Moura and Müller, Barbara and Carvalho, Ricardo César Tavares and Figueiredo, Eduardo Eustáquio de Souza",2018,SciELO,10.1590/0103-8478cr20170526,en,Não,Triagem título/resumo,Excluded,out of scope,
114,"Economic losses due to the occurrence of cysticercosis in cattle from cities located in Minas Gerais, Brazil","Rezende, Maria Teresa Nunes Pacheco and Komatsu, Raquel Satomi and Andrade, Renata Barbosa and Reis, Serly Lourenço Borges and Leite, Claudesina Rodrigues and Rocha, Stella Rabelo and Saut, João Paulo Elsen and Guimarães, Ednaldo Carvalho",2018,SciELO,10.1590/0103-8478cr20180483,en,Não,Triagem título/resumo,Excluded,out of scope,
115,Identificação de Demanda e Preferências no Consumo de Carne Ovina com Apoio de Técnicas de Estatística Multivariada,"Firetti, Ricardo and Alberti, Ana Lucia Luz and Zundt, Marilice and Carvalho-Filho, Antônio Assiz de and Oliveira, Eduardo Cardoso de",2017,SciELO,10.1590/1234-56781806-94790550404,pt,Não,Triagem título/resumo,Excluded,out of scope,
116,CONSERVACIÓN MICROBIOLÓGICA DE EMBUTIDO CARNICO ARTESANAL CON ACEITES ESENCIALES Eugenia caryophyllata Y Thymus vulgaris,"TOFIÑO-RIVERA, ADRIANA and ORTEGA-CUADROS, MAILEN and HERRERA-HINOJOSA, BELKIS KATINA and FRAGOSO-CASTILLA, PEDRO and PEDRAZA-CLAROS, BERTILDA",2017,SciELO,10.18684/bsaa(v15)ediciónespecial2.576,es,Não,Triagem título/resumo,Excluded,out of scope,
117,Evolução da produção e comercialização de produtos tradicionais qualificados de ovinos e caprinos (2003-2012),"Cabo, Paula and Matos, Alda and Fernandes, António and Ribeiro, Maria",2017,SciELO,10.19084/RCA16197,pt,Não,Triagem título/resumo,Excluded,out of scope,
118,"Efecto del Tipo de Alimentación sobre el Comportamiento Productivo, Características de la Canal y Calidad de Carne del Cerdo Criollo Negro Cajamarquino","Paredes Arana, Manuel and Vallejos Fernández, Luis and Mantilla Guerra, José",2017,SciELO,10.15381/rivep.v28i4.13879,es,Não,Triagem título/resumo,Excluded,out of scope,
119,Principais causas de condenação de fígado bovino em estabelecimento sob Serviço de Inspeção Federal na Zona da Mata mineira,"Souza, S.P. and Klem, M.C.A. and Costa, K.P. and Silva, L.F.",2017,SciELO,10.1590/1678-4162-9300,pt,Não,Triagem título/resumo,Excluded,out of scope,
120,Complementary use of neotropical savanna and grass-legume pastures for early weaning and effects on growth and metabolic status of weaners and inter-calving intervals of dams,"VERA, RAÚL R. and RAMÍREZ-RESTREPO, CARLOS A.",2017,SciELO,10.17138/tgft(5)50-65,en,Não,Triagem título/resumo,Excluded,out of scope,
121,Efecto del clorhidrato de clembuterol en la ganancia de peso y lesiones histológicas en ratones,"Valladares-Carranza, Benjamín and Bañuelos-Valenzuela, Rómulo and Peña-Betancourt, Silvia D. and Velázquez-Ordóñez, Valente and Echavarría-Cháirez, Francisco G. and Ortega-Santana, César and Sánchez-Torres, Juan E. and Lozano-Carbajal, Braulio",2017,SciELO,10.19052/mv.4395,es,Não,Triagem título/resumo,Excluded,out of scope,
122,Geography of Food and the Urban Network in the Tri-Border Brazil-Peru-Colombia: The Case of Production and Commercialization of Poultry in the Amazon,"Schor, Tatiana and da Costa Avelino, Francisco Carlos",2017,SciELO,10.15446/rcdg.v26n1.52301,en,Não,Triagem título/resumo,Excluded,out of scope,
123,BICULTIVO EN BIOFLOC DE CACHAMA BLANCA -Piaractus brachypomus-Y TILAPIA NILÒTICA -Oreochromis niloticus- ALIMENTADAS CON DIETAS DE ORIGEN VEGETAL,"Brú-Cordero, S. B and Buelvas, V. M and Ayazo-Genes, J. E and Atencio-García, V. J and Pardo-Carrasco, S. C",2017,SciELO,10.15446/rfmvz.v64n1.65824,es,Não,Triagem título/resumo,Excluded,out of scope,
124,Physicochemical characteristics of smoked cooked linguiças made with ostrich meat trimmings,"Nascimento, R.S. and Fonseca, A.B. and Feijó, M.B.S. and Franco, R.M. and Miranda, Z.B.",2017,SciELO,10.1590/1678-4162-8969,en,Não,Triagem título/resumo,Excluded,out of scope,
125,"Fatores associados à percepção e atitude de consumidores de carne bovina com certificação de origem em Uberlândia, Minas Gerais","Lopes, Marcos Aurélio and Maia, Érica Mariz and Bruhn, Fábio Raphael Pascoti and Custódio, Izadora Alvarenga and Rocha, Christiane Maria Barcellos Magalhães da and Faria, Peter Bittencout",2017,SciELO,10.1590/0034-737x201764010005,pt,Não,Triagem título/resumo,Excluded,out of scope,
126,Quality of beef burger with addition of wet okara along the storage,"Oliveira, Rafaela Bergmann Strada de and Lucia, Flávia Della and Ferreira, Eric Batista and Oliveira, Roseane Maria Evangelista de and Pimenta, Carlos José and Pimenta, Maria Emília de Sousa Gomes",2016,SciELO,10.1590/1413-70542016406005816,en,Não,Triagem título/resumo,Excluded,out of scope,
127,"El mercado de huevo para plato en México, 1960-2012","Cruz-Jiménez, Susana and García-Mata, Roberto and Mora-Flores, José S. and García-Sánchez, Roberto C.",2016,SciELO,,es,Não,Triagem título/resumo,Excluded,out of scope,
128,"Brucella abortus detected in cheese from the Amazon region: differentiation of a vaccine strain (B19) from the field strain in the states of Pará, Amapá and Rondônia, Brazil","Silva, Jacqueline and Moraes, Carina M. de and Silva, Cleyzer L. and Sales, Gustavo A. and Keid, Lara B. and Matos, Paulo C.M. and Lara, Ana P.S.S. and Moraes, Carla C.G.",2016,SciELO,10.1590/S0100-736X2016000800005,en,Não,Triagem título/resumo,Excluded,out of scope,
129,"Análisis comparativo del uso de Ictalurus punctatus (Rafinesque, 1818) y Cyprinus carpio (Linnaeus, 1758) en la elaboración de hamburguesas","Cerón-Ortiz, Ana Nallely and Castillo-Martínez, Elías and Ángeles-Monroy, Miguel Ángel",2016,SciELO,10.15174/au.2016.881,es,Não,Triagem título/resumo,Excluded,out of scope,
130,"O Naturalismo e o Direito: uma análise teórica dos institutos jurídicos presentes no romance «A carne», de Júlio Ribeiro","Silva, Tito Lívio Cabral Renovato",2016,SciELO,,es,Não,Triagem título/resumo,Excluded,out of scope,
131,Efecto de la alimentación con lodo de palma (Elaeis guineensis) sobre la producción de leche,"Zambrano Morán, Ramón and Kuffo Lara, Guido and Alcívar Hidalgo, Brenda and Intriago García, Janet",2016,SciELO,,es,Não,Triagem título/resumo,Excluded,out of scope,
132,PRINCIPAIS CAUSAS DE CONDENAÇÃO AO ABATE DE AVES EM MATADOUROS FRIGORÍFICOS REGISTRADOS NO SERVIÇO BRASILEIRO DE INSPEÇÃO FEDERAL ENTRE 2006 E 2011,"Oliveira, Adriana Aguiar and Andrade, Maria Auxiliadora and Armendaris, Paulo Marcel and Bueno, Pedro Henrique Salgado",2016,SciELO,10.1590/1089-6891v17i123020,pt,Não,Triagem título/resumo,Excluded,out of scope,
133,Avaliação da progênie de ovelhas Merino Australiano cruzadas com carneiro Dorper ou Southdown,"Bianchi, G. and Carvalho, S. and Rivero, J.",2016,SciELO,10.1590/1678-4162-7706,pt,Não,Triagem título/resumo,Excluded,out of scope,
134,Propiedades físico-químicas y tecnológicas de la carne en dos genotipos de pollos de crecimiento lento,"Michel, M.A. and Revidatti, F. and Sindik, M. and Sanz, P.",2015,SciELO,,es,Não,Triagem título/resumo,Excluded,out of scope,
135,O Destino das Mulheres e de sua Carne: regulação de gênero e o Estado em Moçambique,"Pinho, Osmundo",2015,SciELO,10.1590/18094449201500450157,pt,Não,Triagem título/resumo,Excluded,out of scope,
136,Aminas bioativas e qualidade da carne de frangos de corte,"Assis, D.C.S. and Menezes, L.D. M. and Silva, G.R. and Caccioppoli, J. and Santos, E.L.S. and Heneine, L.G.D. and Figueiredo, T.C. and Cançado, S.V.",2015,SciELO,10.1590/1678-4162-7701,pt,Não,Triagem título/resumo,Excluded,out of scope,
137,"Teores de óleo de linhaça para bovinos confinados: medidas corporais, carcaça e cortes cárneos","ROSA, Bruna Laurindo and OLIVEIRA, Emanuel Almeida de and HENRIQUE, Wignez and PIVARO, Thiago Martins and CARVALHO, Victor Galli and MOTA, Diego Azevedo and PAZ, Cláudia Cristina Paro de and ANDRADE, Antonio Tadeu de and SAMPAIO, Alexandre Amstalden Moraes",2015,SciELO,10.1590/S1519-99402015000400009,pt,Não,Triagem título/resumo,Excluded,out of scope,
138,Loci asociados con enfermedades genéticas y calidad de carne en bovinos Charolais mexicanos,"Sifuentes Rincón, Ana María and Arellano Vera, Williams and Parra Bracamonte, Gaspar Manuel and Ambriz Morales, Pascuala and López Bustamante, Luis Arístides",2015,SciELO,,es,Não,Triagem título/resumo,Excluded,out of scope,
139,GENETIC PARAMETERS FOR GROWTH TRAITS OF SANTA INES SHEEP USING GIBBS SAMPLING,"BARBOSA, LEANDRO TEIXEIRA and SANTOS, GLEICIANNY DE BRITO and MUNIZ, EVANDRO NEVES and AZEVEDO, HYMERSON COSTA and FAGUNDES, JAILSON LARA",2015,SciELO,10.1590/1983-21252015v28n423rc,en,Não,Triagem título/resumo,Excluded,out of scope,
140,O ato de tatuar-se: gozo e identificação o ato de tatuar-se,"Macedo, Sybele and Paravidini, João Luiz Leitão",2015,SciELO,,pt,Não,Triagem título/resumo,Excluded,out of scope,
141,"Previdencia de la translocación robertsoniana 1;29 bovina en hatos ganaderos del estado de Zacatecas, México","Meza-López, Carlos and Lozano-Carbajal, Braulio and de la Colina-Flores, Federico and Bañuelos-Valenzuela, Rómulo and López-Carlos, Marco Antonio and Echavarría-Cháirez, Francisco G. and Reveles-Torres, Luis Roberto",2015,SciELO,,es,Não,Triagem título/resumo,Excluded,out of scope,
142,OXIDATIVE AND MICROBIOLOGICAL STABILITY OF FRESH PORK SAUSAGE WITH ADDED SUN MUSHROOM POWDER,"Stefanello, Flávia Santi and Cavalheiro, Carlos Pasqualin and Ludtke, Fernanda Luísa and Silva, Mariana dos Santos da and Fries, Leadir Lucy Martins and Kubota, Ernesto Hashime",2015,SciELO,10.1590/S1413-70542015000400009,en,Não,Triagem título/resumo,Excluded,out of scope,
143,The brazilian pig industry can adopt european welfare standards: a critical analysis,"Dias, Cleandro Pazinato and Silva, Caio Abércio da and Manteca, Xavier",2015,SciELO,10.1590/0103-8478cr20141040,en,Não,Triagem título/resumo,Excluded,out of scope,
144,Microstructural and physicochemical analysis of collagen in intramuscular pin bones of Bocachico fish (Prochilodus sp.),"Suárez, Héctor and Gaitán, Oscar and Díaz, Consuelo",2015,SciELO,10.17533/udea.rccp.v28n2a08,en,Não,Triagem título/resumo,Excluded,out of scope,
145,Occurrence of Campylobacter jejuni and C. coli on broiler carcasses after chilling in southern Brazil,"Perdoncini, Gustavo and Sierra-Arguello, Yuli M. and Lima, Leonardo M. and Trindade, Michele M. and Gomes, Marcos José Pereira and Santos, Luciana R. dos and Schmidt, Verônica and Nascimento, Vladimir Pinheiro do",2015,SciELO,10.1590/S0100-736X2015000400006,en,Não,Triagem título/resumo,Excluded,out of scope,
146,Nutritional adequacy in subjects with metabolic syndrome,"Carvalho, Cláudia Mesquita de and Dias Mendonça, Dayana and Haas Piovesan, Carla and Edler Macagnan, Fabrício and Pandolfo Feoli, Ana María",2015,SciELO,10.3305/nh.2015.31.3.8086,en,Não,Triagem título/resumo,Excluded,out of scope,
147,Identificação espécie-específica de carnes e produtos cárneos de origem bubalina e bovina pela técnica de PCR-RFLP,"Teixeira, L.V. and Teixeira, C.S. and Oliveira, D.A.A.",2015,SciELO,10.1590/1678-7239,pt,Não,Triagem título/resumo,Excluded,out of scope,
148,REVISIÓN CRÍTICA DE LOS POSTULADOS CLÁSICOS DEL COMERCIO INTERNACIONAL: UN EJERCICIO EMPÍRICO SOBRE COLOMBIA Y PERÚ,"GARCÉS CANO, JORGE ENRIQUE",2015,SciELO,10.14718/revfinanzpolitecon.2015.7.1.8,es,Não,Triagem título/resumo,Excluded,out of scope,
149,Willingness of the consumers of the Federal District - Brazil - to purchase beef meat with certification of origin,"Rigueira, L.L. and Lopes, M.A. and Bruhn, F.R.P. and Rodrigues, C.G. and Faria, P.B.",2014,SciELO,10.1590/1678-6958,en,Não,Triagem título/resumo,Excluded,estudo sem seções regulatórias significantes; fora do tema,
150,"Gasterópodos con potencial económico asociados al intermareal rocoso de la Región Marina Prioritaria 32, Guerrero, México","Torreblanca-Ramírez, Carmina and Flores-Garza, Rafael and Flores-Rodríguez, Pedro and García-Ibáñez, Sergio and Michel-Morfin, Jesús Emilio and Rosas-Acevedo, José Luis",2014,SciELO,,es,Não,Triagem título/resumo,Excluded,out of scope,
151,Formas plurais de governança: uma análise das transações de suprimento entre frigoríficos e pecuaristas,"Silveira, Rodrigo Lanna Franco da and Carrer, Marcelo José and Carvalho, Thiago B. and Foscaches, Caroline Acosta Lezcano and Saes, Maria Sylvia Macchione",2014,SciELO,,pt,Não,Triagem título/resumo,Excluded,out of scope,
152,"Comportamiento de la oferta y demanda regional de carne de cerdo en canal en México, 1994-2012","Rebollar Rebollar, Alfredo and Gómez Tenorio, Germán and Hernández Martínez, Juvencio and Rebollar Rebollar, Samuel and González Razo, Felipe de Jesús",2014,SciELO,,es,Não,Triagem título/resumo,Excluded,out of scope,
153,Avaliação microbiológica de carne de charque produzida industrialmente,"Abrantes, Maria Rociene and Sousa, Ana Carina Praciano and Araújo, Nikolay Kiev Saraiva de and Sousa, Êlika Suzianny de and Oliveira, Adriene Rosceli Menezes de and Silva, Jean Berg Alves da",2014,SciELO,10.1590/1808-1657000942012,pt,Não,Triagem título/resumo,Excluded,out of scope,
154,Microbiological growth in normal and PSE pork stored under refrigeration,"Caldara, Fabiana Ribeiro and Santos, Luan Sousa dos and Nieto, Viviane Maria Oliveira dos Santos and Foppa, Luciana and Santos, Rita de Kássia Silva dos and Paz, Ibiara Correia de Lima Almeida and Garcia, Rodrigo Garófallo and Nääs, Irenilza de Alencar",2014,SciELO,,en,Não,Triagem título/resumo,Excluded,out of scope,
155,Growth of Brazilian beef production: effect of shocks of supply and demand,"Silva Neto, Waldemiro Alcântara da and Bacchi, Mirian Rumenos Piedade",2014,SciELO,,en,Não,Triagem título/resumo,Excluded,out of scope,
156,Salmonella spp. in the pork supply chain: a risk approach,"Rodríguez, Diego M and Suárez, Martha C",2014,SciELO,,en,Não,Triagem título/resumo,Excluded,out of scope,
157,Competitividad de la carne de ganado bovino entre los países miembros del TLCAN 1997-2008,"Omaña Silvestre, José Miguel and Almora Bustos, Isael and Cruz Galindo, Bartolomé and Hoyos Fernández, Gabriela L. and Quintero Ramírez, Juan Manuel and Fortis Hernández, Manuel",2014,SciELO,,es,Não,Triagem título/resumo,Excluded,out of scope,
158,Using pedigree analysis to monitor the local Piau pig breed conservation program,"Veroneze, R. and Lopes, P.S. and Guimarães, S.E.F. and Guimarães, J.D. and Costa, E.V. and Faria, V.R. and Costa, K.A.",2014,SciELO,10.4321/S0004-05922014000100005,en,Não,Triagem título/resumo,Excluded,out of scope,
159,"ABUNDANCIA Y MADUREZ SEXUAL DE ANADARA SIMILIS EN EL MANGLAR DE LUISICO, BAHÍA MÁLAGA, PACÍFICO COLOMBIANO*","Manjarrés-Villamil, Alex E. and Lucero-Rincón, Carlos H. and Gualteros, William O. and Cantera-Kintz, Jaime R. and Gil-Agudelo, Diego L.",2013,SciELO,,es,Não,Triagem título/resumo,Excluded,out of scope,
160,"Terneza, grasa intramuscular y de cobertura en carne de novillos faenados en Corrientes (Argentina)","Ynsaurralde, A.E and Rébak, G.I and Sánchez, S and Capellari, A",2013,SciELO,,es,Não,Triagem título/resumo,Excluded,out of scope,
161,Active packaged lamb with oxygen scavenger/carbon dioxide emitter sachet: physical-chemical and microbiological stability during refrigerated storage,"Trindade, Marco Antonio and Villanueva, Nilda Doris Montes and Antunes, Catharine Vendemiatto and Freire, Maria Teresa de Alvarenga",2013,SciELO,10.1590/S1981-67232013005000027,en,Não,Triagem título/resumo,Excluded,out of scope,
162,"Condições higiênico-sanitárias e físico-estruturais da área de manipulação de carne in natura em minimercados de Recife (PE), Brasil","Costa, Juliana Nóbrega Pereira da and Santos, Vládima Virgínia Mendes and Silva, Giselle Ramos da and Moura, Fernanda Maria Lino de and Gurgel, Carlos Alberto Bezerra and Moura, Andrea Paiva Botelho Lapenda de",2013,SciELO,,pt,Não,Triagem título/resumo,Excluded,out of scope,
163,Shelf life and sensory assessment of tilapia quenelle during frozen storage,"Angelini, Maria Fernanda Calil and Galvão, Juliana Antunes and Vieira, Amanda de Freitas and Savay-da-Silva, Luciana Kimie and Shirahigue, Ligianne Din and Cabral, Ingridy Simone Ribeiro and Modesta, Regina Célia Della and Gallo, Cláudio Rosa and Oetterer, Marília",2013,SciELO,10.1590/S0100-204X2013000800038,en,Não,Triagem título/resumo,Excluded,out of scope,
164,Factores no Genéticos y de Grupo Racial que Afectan el Peso al Nacer en un Sistema de Producción con Vacunos de Carne,"Pacheco, Francisco and Depablos, Luis and Martínez, Gonzalo and Vargas, Daniel",2013,SciELO,,es,Não,Triagem título/resumo,Excluded,out of scope,
165,Factores de manejo pre y post sacrificio asociados a la presencia de carne DFD en ganado bovino durante la época cálida,"Pérez-Linares, Cristina and Sánchez-López, Eduardo and Ríos-Rincón, Francisco Gerardo and Olivas-Valdéz, José Angel and Figueroa-Saavedra, Fernando and Barreras-Serrano, Alberto",2013,SciELO,,es,Não,Triagem título/resumo,Excluded,out of scope,
166,Métodos alternativos para contagem de micro-organismos em carcaças suínas,"Cattani, Cristhiane Stecanella de Oliveira and Fuchs, Pedro Ivo Pinheiro and Cirolini, Andréia and Vieira, Cleide Rosana Werneck",2013,SciELO,,pt,Não,Triagem título/resumo,Excluded,out of scope,
167,"Prevalencia de Salmonella spp. en carne porcina, plantas de beneficio y expendios del Tolima","Arcos - Ávila, Evelyn C. and Mora - Cardona, Leandro and Fandiño - de Rubio, Luz C. and Rondón - Barragán, Iang S.",2013,SciELO,,es,Não,Triagem título/resumo,Excluded,out of scope,
168,Estado nutricional e ingesta alimentaria de poblaciones de regiones de altura del Noroeste Argentino,"Bassett, María Natalia and Gimenez, Maria Alejandra and Romaguera, Dora and Sammán, Norma",2013,SciELO,,es,Não,Triagem título/resumo,Excluded,out of scope,
169,Metalotioninas en Perna viridis (Bivalvia: Mytilidae): variación estacional y su relación con la biología reproductiva,"Lemus, Mairin and Rojas, Nilis and Rojas-Astudillo, Luisa and Chung, Kyung",2013,SciELO,,es,Não,Triagem título/resumo,Excluded,out of scope,
170,"Epidemiological survey of the taeniasis/cysticercosis complex in cattle farms in Viçosa County, Minas Gerais, Brazil","Santos, Tatiane O. and Pinto, Paulo S.A. and Iasbik, Adriana F. and Silva, Letícia F. and Nieto, Emílio C.A. and Guimarães-Peixoto, Rafaella P.M.",2013,SciELO,,en,Não,Triagem título/resumo,Excluded,out of scope,
171,Enumeração de Campylobacter spp. e presença de Campylobacter jejuni em carcaças de frango no estado de Minas Gerais,"Oliveira, Afonso de Liguori and Oliveira, Roseane Batitucci Passos de and Oliveira, Afonso de Liguori and Oliveira, Roseane Batitucci Passos de",2013,SciELO,,pt,Não,Triagem título/resumo,Excluded,out of scope,
172,Alimentos mais consumidos no Brasil: Inquérito Nacional de Alimentação 2008-2009,"Souza, Amanda de M. and Pereira, Rosangela A. and Yokoo, Edna M. and Levy, Renata B. and Sichieri, Rosely",2013,SciELO,,pt,Não,Triagem título/resumo,Excluded,out of scope,
173,Esquemas atrasados y oportunidades perdidas de vacunación en niños de hasta 36 meses del departamento de Paysandú: Año 2012,"Pérez, Leticia and Deccia, Romina and Amorín, María Belén and Martínez, Luis and Pirez, Catalina",2013,SciELO,,es,Não,Triagem título/resumo,Excluded,out of scope,
174,Efecto sobre la producción de carne de la aplicación de tecnologías de renovación de praderas de Bothriochloa pertusa (L.) A. Camus en la Costa Norte Colombiana,"Cajas-Girón, Yasmín Socorro and Barragán Hernández, Wilson Andrés and Arreaza-Tavera, Luis Carlos and Argüelles-Cárdenas, Jorge and Amézquita-Collazos, Edgar and Abuabara-Pérez, Yesid and Panza-Tapia, Blas and Lascano-Aguilar, Carlos",2012,SciELO,,es,Não,Triagem título/resumo,Excluded,out of scope,
175,Performance and meat attributes of chickens reared on deep litter and free range,"Sogunle, O.M. and Olaniyi, O.A. and Shittu, T.A. and Abiola, S.S.",2012,SciELO,10.4321/S0004-05922012000400009,en,Não,Triagem título/resumo,Excluded,out of scope,
176,Carne de ovinos de descarte na elaboração de mortadelas com diferentes teores de gordura suína,"Guerra, Ingrid Conceição Dantas and Meireles, Bruno Raniere Lins de Albuquerque and Félex, Suênia Samara dos Santos and Conceição, Maria Lúcia da and Souza, Evandro Leite de and Benevides, Selene Daiha and Madruga, Marta Suely",2012,SciELO,,pt,Não,Triagem título/resumo,Excluded,out of scope,
177,Distribuição e identificação das regiões de risco para a cisticercose bovina no estado do Paraná,"Guimarães-Peixoto, Rafaella P.M. and Souza, Valmir K. and Pinto, Paulo S.A. and Santos, Tatiane O.",2012,SciELO,,pt,Não,Triagem título/resumo,Excluded,out of scope,
178,Carotenoides bixina e norbixina extraídos do urucum (Bixa orellana L.) como antioxidantes em produtos cárneos,"Garcia, Carlos Eduardo Rocha and Bolognesi, Vinícius José and Dias, Josiane de Fátima Gaspari and Miguel, Obdúlio Gomes and Costa, Camila Klocker",2012,SciELO,,pt,Não,Triagem título/resumo,Excluded,out of scope,
179,"Conhecimento tradicional das marisqueiras de Barra Grande, área de proteção ambiental do delta do Rio Parnaíba, Piauí, Brasil","Freitas, Simone Tupinambá and Pamplin, Paulo Augusto Zaitune and Legat, Jefferson and Fogaça, Fabíola Helena dos Santos and Barros, Roseli Farias Melo de",2012,SciELO,,pt,Não,Triagem título/resumo,Excluded,out of scope,
180,The sensory acceptability of a tilapia (Oreochromis niloticus) mechanically separated meat-based spread,"Freitas, Daniela De Grandi Castro and Resende, Alda Letícia da Silva Santos and Furtado, Angela Aparecida Lemos and Tashima, Luana and Bechara, Henrique Muniz",2012,SciELO,,en,Não,Triagem título/resumo,Excluded,out of scope,
181,Falta de garantias e falhas de coordenação: evidências do sistema agroindustrial da carne bovina,"Caleman, Silvia Morales de Queiroz and Zylbersztajn, Decio",2012,SciELO,,pt,Não,Triagem título/resumo,Excluded,out of scope,
182,Evaluación de contusiones como un indicador de bienestar animal durante el pre-sacrificio de bovinos,"Romero, Marlyn H and Gutiérrez, Carolina and Sánchez, Jorge A",2012,SciELO,,es,Não,Triagem título/resumo,Excluded,out of scope,
183,Modelo dinámico de crecimiento de la biomasa para Mytilus chilensis en sistemas de cultivo en líneas,"Marambio, José and Maturana, Sergio and Campos, Bernardita",2012,SciELO,,es,Não,Triagem título/resumo,Excluded,out of scope,
184,"Estabilidade físico-química, microbiológica e sensorial de carne ovina embalada a vácuo estocada sob refrigeração","Fernandes, Rafaella de Paula Paseto and Freire, Maria Teresa de Alvarenga and Guerra, Carlos Cirelli and Carrer, Celso da Costa and Balieiro, Júlio Cesar de Carvalho and Trindade, Marco Antonio",2012,SciELO,,pt,Não,Triagem título/resumo,Excluded,out of scope,
185,"Diversidad de Scarabaeoidea (Coleoptera) en las principales condiciones de hábitat de Montebello, Chiapas, México","DELGADO, Juan Manuel and CASTRO-RAMÍREZ, Adriana Elena and MORÓN, Miguel Ángel and RUIZ-MONTOYA, Lorena",2012,SciELO,,es,Não,Triagem título/resumo,Excluded,out of scope,
186,Contribución para la evaluación económica de sistemas que procuran el bienestar,"Raineri, Camila and Antonelli, Renan and Prosdocimi Nunes, Bruno C and Simionato de Barros, Carina and Tarazona Morales, Ariel M and Gameiro, Augusto H",2012,SciELO,,es,Não,Triagem título/resumo,Excluded,out of scope,
187,Aspectos econômicos da produção de bovinos de corte,"Araújo, Hilda Silva and Sabbag, Omar Jorge and Lima, Bruno Tadeu Marotta and Andrighetto, Cristiana and Ruiz, Urbano dos Santos",2012,SciELO,,pt,Não,Triagem título/resumo,Excluded,out of scope,
188,Impacto de orientação dietética sistemática no primeiro ano de vida nas prevalências de anemia e deficiência de ferro aos 12-16 meses,"Bortolini, Gisele Ane and Vitolo, Márcia Regina",2012,SciELO,,pt,Não,Triagem título/resumo,Excluded,out of scope,
189,Linguiças frescais elaboradas com carne de avestruz: características físico-químicas,"Nascimento, Rafael Soares and Fonseca, Ana Beatriz Monteiro and Franco, Robson Maia and Miranda, Zander Barreto",2012,SciELO,,pt,Não,Triagem título/resumo,Excluded,out of scope,
190,"Informe de tres casos de rabia paralítica y babesiosis bovina en el municipio de Aldama, Tamaulipas","Ramírez Romero, Rafael and González Báez, Andrea and Nevárez Garza, Alicia Magdalena and Rodríguez Tovar, Luis Edgar",2011,SciELO,,es,Não,Triagem título/resumo,Excluded,out of scope,
191,"Carne podre, café com milho e leite com água: disputas de autoridade e fiscalização do comércio de gêneros na Corte imperial, 1840-1889","Souza, Juliana Teixeira",2011,SciELO,,pt,Não,Triagem título/resumo,Excluded,out of scope,
192,"ANTICORPOS IgG ANTI-TOXOPLASMA GONDII EM SUÍNOS ABATIDOS EM MATADOUROS DA REGIÃO METROPOLITANA DO RECIFE, PERNAMBUCO, BRASIL","Samico Fernandes, E.F.T. and Simões, S.G. and Faria, E.B. and Samico Fernandes, M.F.T. and Pinheiro Júnior, J.W. and Mota, R.A.",2011,SciELO,10.1590/1808-1657v78p4252011,pt,Não,Triagem título/resumo,Excluded,out of scope,
193,Indicação geográfica na conservação e agregação de valor ao gado Curraleiro da comunidade Kalunga,"Neiva, A.C.G.R. and Sereno, J.R.B. and Fioravanti, M.C.S.",2011,SciELO,10.4321/S0004-05922011000300010,pt,Não,Triagem título/resumo,Excluded,out of scope,
194,Percepção dos produtores frente à rastreabilidade bovina: Estudo comparativo entre Brasil e Chile,"Viana, J.G.A and Cartes, G.S. and Fornazier, A. and Spohr, G. and Silva, T.N. da",2011,SciELO,10.4321/S0004-05922011000300072,pt,Não,Triagem título/resumo,Excluded,out of scope,
195,Implicaciones de la inclusión del bienestar animal en la legislación sanitaria Colombiana,"Romero, Marlyn H and Sánchez, Jorge A",2011,SciELO,,es,Não,Triagem título/resumo,Excluded,out of scope,
196,"Folato, B6 e B12 na adolescência: níveis séricos, prevalência de inadequação de ingestão e alimentos contribuintes","Steluti, Josiane and Martini, Lígia A. and Peters, Barbara S. E. and Marchioni, Dirce M. L.",2011,SciELO,,pt,Não,Triagem título/resumo,Excluded,out of scope,
197,Corporal Composition and Characteristics of Carcass of Araucano Creole Lambs,"Bravo, Silvana and Fabres, Macarena and Schnettler, Berta and Sepúlveda, Néstor",2010,SciELO,,en,Não,Triagem título/resumo,Excluded,out of scope,
198,Modelos de cointegração com um ou dois limiares: uma aplicação para o preço do frango inteiro resfriado em mercados atacadistas no Brasil,"Mattos, Leonardo Bornacki de and Lima, João Eustáquio de and Lirio, Viviani Silva and Campos, Antônio Carvalho",2010,SciELO,,pt,Não,Triagem título/resumo,Excluded,out of scope,
199,Controle da utilização de ingredientes não cárneos para injeção e marinação de carnes,"Daguer, Heitor and Assis, Michel Tavares Quinteiro Milcent and Bersot, Luciano dos Santos",2010,SciELO,,pt,Não,Triagem título/resumo,Excluded,out of scope,
200,"SOROPOSITIVIDADE E LESÕES SUGESTIVAS DE BRUCELOSE EM BOVINOS ABATIDOS NO ESTADO DE TOCANTINS, BRASIL","Viana, L. and Baptista, F. and Teles, J. and Ribeiro, A.P.C. and Pigatto, C.P.",2010,SciELO,10.1590/1808-1657v77p5172010,pt,Não,Triagem título/resumo,Excluded,out of scope,
201,Alimentação natural para cães e gatos,"Saad, Flávia Maria de Oliveira Borges and França, Janine",2010,SciELO,,pt,Não,Triagem título/resumo,Excluded,out of scope,
202,Animal cysticercosis in indigenous Brazilian villages,"Aragão, Samuel Carvalho de and Biondi, Germano Francisco and Lima, Luis Gustavo Ferraz and Nunes, Cáris Maroni",2010,SciELO,,en,Não,Triagem título/resumo,Excluded,out of scope,
203,Método acelerado de processamento de presunto cru,"Bergamin Filho, Walter and Costa, Marcela de Rezende and Felício, Pedro Eduardo de and Silveira, Expedito Tadeu Facco",2010,SciELO,,pt,Não,Triagem título/resumo,Excluded,out of scope,
204,"LEGISLACIÓN E HIGIENE VETERINARIA: MEDELLÍN, 1913-1926","Gómez Gómez, Mauricio Alejandro",2010,SciELO,,es,Não,Triagem título/resumo,Excluded,out of scope,
205,Morfologia dos órgãos genitais masculinos do Jurará Kinosternon scorpioides (Chelonia: Kinosternidae),"Carvalho, Rafael Cardoso and Oliveira, Sâmia Clara Rodrigues de and Bombonato, Pedro Primo and Oliveira, Antonia Santos and Sousa, Alana Lislea de",2010,SciELO,,pt,Não,Triagem título/resumo,Excluded,out of scope,
206,Efeitos do peso vivo sobre a comercialização de bezerros de corte em leilões,"Christofari, L.F. and Barcellos, J.O.J. and Braccini Neto, J. and Oaigen, R.P. and Santos, A.P. and Canozzi, M.E.A.",2010,SciELO,,pt,Não,Triagem título/resumo,Excluded,out of scope,
207,Caracterização química e bacteriológica de polpa e surimi obtidos do espinhaço residual da filetagem de tilápia,"Mello, Silvia Conceição Reis Pereira and Freitas, Mônica Queiroz de and São Clemente, Sergio Carmona de and Franco, Robson Maia and Nogueira, Eduardo Bruno and Pinto, Maria Dalva Silva Ribas",2010,SciELO,,pt,Não,Triagem título/resumo,Excluded,out of scope,
208,Efecto de la suplementación de lisina sobre la ganancia de peso y características cárnicas y de la canal en cerdos en iniciación,"García Castillo, Ramón F and Malacara Álvarez, Orlando E and Salinas Chavira, Jaime and Torres Hernández, Manuel and Fuentes Rodríguez, Jesús M and Kawas Garza, Jorge R",2010,SciELO,,es,Não,Triagem título/resumo,Excluded,out of scope,
209,Perfil eletroforético de lombo suíno adicionado de proteínas não cárneas,"Daguer, Heitor and Stephan, Marilia Penteado and Bersot, Luciano dos Santos",2010,SciELO,,pt,Não,Triagem título/resumo,Excluded,out of scope,
210,Características físico-químicas de embutido curado fermentado com adição de carne de avestruz associada à de suíno,"Cavalheiro, Carlos Pasqualin and Terra, Nelcindo Nascimento and Fries, Leadir Lucy Martins and Milani, Liana Inês Guidolin and Rezer, Ana Paula de Souza and Cavalheiro, Caroline Viegas and Manfio, Marialene",2010,SciELO,,pt,Não,Triagem título/resumo,Excluded,out of scope,
211,Propriedades físico-químicas e sensoriais de embutidos fermentados formulados com diferentes proporções de carne suína e de ovelhas de descarte,"François, Poliana and Pires, Cleber Cassol and Griebler, Letieri and François, Ticiana and Soriano, Vanessa Souza and Galvani, Diego Barcelos",2009,SciELO,,pt,Não,Triagem título/resumo,Excluded,out of scope,
212,Broiler and swine production: animal welfare legislation scenario,"Silva, Raquel Baracat Tosi Rodrigues da and Nääs, Irenilza de Alencar and Moura, Daniella Jorge de",2009,SciELO,,en,Não,Triagem título/resumo,Excluded,out of scope,
213,"Sarcophagidae (Diptera) de importancia forense en Colombia: claves taxonómicas, notas sobre su biología y distribución","BUENAVENTURA R, ELIANA and CAMACHO C, GINNA and GARCÍA G, ALEXANDER and WOLFF E, MARTA",2009,SciELO,,es,Não,Triagem título/resumo,Excluded,out of scope,
214,Tipificación de tres marcadores genéticos de caracteres de importancia comercial en ganado Charolais: implicaciones en la ganadería para carne en México,"Parra-Bracamonte, Gaspar M and Sifuentes-Rincón, Ana M and Arellano-Vera, Williams and Almanza-González, Alberto and De la Rosa-Reyna, Xochitl F",2009,SciELO,,es,Não,Triagem título/resumo,Excluded,out of scope,
215,Evolução dos preços históricos da bovinocultura de corte do Rio Grande do Sul: tendência e comportamento dos preços em nível de produtor e consumidor,"Viana, João Garibaldi Almeida and Souza, Renato Santos de and Silveira, Vicente Celestino Pires",2009,SciELO,,pt,Não,Triagem título/resumo,Excluded,out of scope,
216,"Feos, sucios y malos: la regulación de los cuerpos y las emociones en Norbert Elías","Scribano, Adrián and Mattar, Gabriela Vergara",2009,SciELO,,es,Não,Triagem título/resumo,Excluded,out of scope,
217,Características sensoriais da carne ovina,"Osório, José Carlos da Silveira and Osório, Maria Teresa Moreira and Sañudo, Carlos",2009,SciELO,,pt,Não,Triagem título/resumo,Excluded,out of scope,
218,North American Rendering: processing high quality protein and fats for feed,"Meeker, David L.",2009,SciELO,,en,Não,Triagem título/resumo,Excluded,out of scope,
219,AVALIAÇÃO DA QUALIDADE SANITÁRIA DE INCUBATÓRIO POR MEIO DE PLACAS DE SEDIMENTAÇÃO,"Cardoso, A.L.S.P. and Tessari, E.N.C. and Kanashiro, A.M.I. and Stoppa, G.F.Z. and Luciano, R.L. and Castro, A.G.M.",2009,SciELO,10.1590/1808-1657v76p2792009,pt,Não,Triagem título/resumo,Excluded,out of scope,
220,Rol de la calpastatina en la variabilidad de la terneza de la carne bovina,"Motter, MM and Corva, P and Krause, M and Perez Cenci, M and Soria, L.",2009,SciELO,,es,Não,Triagem título/resumo,Excluded,out of scope,
221,Teste de aceitação e composição centesimal de carne de jacaré-do-papo-amarelo (Caiman latirostris) em conserva,"Azevedo, Isabela Ciarlini de and Carmo, Renato Poubel do and Torres, Alexandre Guedes and Mársico, Eliane Teixeira and Freitas, Mônica Queiroz de",2009,SciELO,,pt,Não,Triagem título/resumo,Excluded,out of scope,
222,"Evaluación Rápida de Coberturas Vacunales en Bogotá, 2006","Morón-Duarte, Lina and Espitia, María T",2009,SciELO,,es,Não,Triagem título/resumo,Excluded,out of scope,
223,Análise físico-química e sensorial de hambúrguer elaborado com carne de avestruz,"Hautrive, Tiffany Prokopp and Oliveira, Viviani Ruffo de and Silva, Aline Roque Dutra da and Terra, Nelcindo Nascimento and Campagnol, Paulo Cezar Bastianello",2008,SciELO,,pt,Não,Triagem título/resumo,Excluded,out of scope,
224,Inspeção visual e avaliações bacteriológica e físico-química da carne de piramutaba (Brachyplatistoma vaillanti) congelada,"Santos, T.M. and Martins, R.T. and Santos, W.L.M. and Martins, N.E.",2008,SciELO,,pt,Não,Triagem título/resumo,Excluded,out of scope,
225,"Parasitoid wasps (Hymenoptera) from puparia of sarcosaprophagous flies (Diptera: Calliphoridae; Sarcophagidae) in Buenos Aires, Argentina","Oliva, Adriana",2008,SciELO,,en,Não,Triagem título/resumo,Excluded,out of scope,
226,"Causes of condemnation of carcasses from poultry in slaughterhouses located in State of Goiás, Brazil","Santana, Ângela Patrícia and Murata, Luci Sayori and Freitas, Camila Guimarães de and Delphino, Marina Karina and Pimentel, Concepta Macmanus",2008,SciELO,,en,Não,Triagem título/resumo,Excluded,out of scope,
227,Aproveitamento de vísceras não comestíveis de aves para elaboração de farinha de carne,"Costa, Denise Pinheiro Soncini and Romanelli, Pedro Fernando and Trabuco, Elizeu",2008,SciELO,,pt,Não,Triagem título/resumo,Excluded,out of scope,
228,"QUALIDADE HIGIÊNICO-SANITÁRIA DE CARNE BOVINA MOÍDA E DE EMBUTIDOS FRESCAIS COMERCIALIZADOS NO SUL DO RIO GRANDE DO SUL, BRASIL","Dias, P.A. and Conceição, R.C.S. da and Coelho, F.J.O. and Tejada, T.S. and Segatto, M. and Timm, C.D.",2008,SciELO,10.1590/1808-1657v75p3592008,pt,Não,Triagem título/resumo,Excluded,out of scope,
229,Carne de Cuarta para consumidores de cuarta,"Guarín, Alejandro",2008,SciELO,,es,Não,Triagem título/resumo,Excluded,out of scope,
230,Desafios e oportunidades das alianzas mercadologicas na cadeia produtiva da carne bovina,"Ospina Patino, Harold and Dutra de Barcellos, Marcia and Furtado Velloso, Fernando and Angel Cardona, Juan C",2008,SciELO,,pt,Não,Triagem título/resumo,Excluded,out of scope,
231,Avaliação de contaminação por metais pesados em amostras de siris azuis,"Virga, Rossana Helena Pitta and Geraldo, Luiz Paulo and Santos, Fabiana Henrique dos",2007,SciELO,,pt,Não,Triagem título/resumo,Excluded,out of scope,
232,Producción de un trigo doble propósito defoliado en distintos estados de desarrollo del ápice de crecimiento,"Merchán, HD and Lutz, EE and Morant, AE",2007,SciELO,,es,Não,Triagem título/resumo,Excluded,out of scope,
233,Processamento e aceitação sensorial do hambúrguer de coelho (Orytolagus cunicullus),"Tavares, Rodrigo de Souza and Cruz, Adriano Gomes da and Oliveira, Thiago Silva de and Braga, Aline Rosa and Reis, Fernanda Almeida dos and Hora, Iracema Maria Carvalho da and Teixeira, Rosângela da Costa and Ferreira, Edmir Fernandes",2007,SciELO,,pt,Não,Triagem título/resumo,Excluded,out of scope,
234,Scale Economies Estimation in the Pork Meat Industry in Chile,"Marchant S, Ricardo",2007,SciELO,,en,Não,Triagem título/resumo,Excluded,out of scope,
235,"Informações nutricionais de carnes ovinas em rótulos comerciais, comparativamente às obtidas em análises laboratoriais","Pinheiro, Rafael Silvio Bonilha and Silva Sobrinho, Américo Garcia and Souza, Hirasilva Borba Alves de and Yamamoto, Sandra Mari",2007,SciELO,,pt,Não,Triagem título/resumo,Excluded,out of scope,
236,Residuos de tetraciclina y quinolonas en peces silvestres en una zona costera donde se desarrolla la acuicultura del salmón en Chile,"Fortt Z, Antonia and Cabello C, Felipe and Buschmann R, Alejandro",2007,SciELO,,es,Não,Triagem título/resumo,Excluded,out of scope,
237,Qualidade da corvina (Micropogonias furnieri) eviscerada em diferentes períodos de estocagem a 0°C,"Borges, Alexandre and Teixeira, Marcelo Sardenberg and Freitas, Mônica Queiroz de and Franco, Róbson Maia and Mársico, Eliane Teixeira and São Clemente, Sérgio Carmona de",2007,SciELO,,pt,Não,Triagem título/resumo,Excluded,out of scope,
238,Efecto de la alimentación sobre la producción láctea en llamas seleccionadas para producción de carne,"Gonzáles D., Rosario and Leyva V., Víctor and García V., Wilber and Gavidia Ch., César and Ticona S., Daniel",2007,SciELO,,es,Não,Triagem título/resumo,Excluded,out of scope,
239,Producción de un trigo doble propósito,"Merchán, HD and Lutz, EE and Morant, AE",2006,SciELO,,es,Não,Triagem título/resumo,Excluded,out of scope,
240,Controle bacteriológico de carne caprina para elaboração de hambúrguer caprino defumado,"Metri, J.C. and Andrade, S.A.C. and Machado, E.C.L. and Shinohara, N.K.S. and Biscontini, T.M.B.",2006,SciELO,,pt,Não,Triagem título/resumo,Excluded,out of scope,
241,Aplicação da técnica de PCR na detecção de Yersinia enterocolitica em suínos abatidos sem inspeção,"Teodoro, V.A.M. and Pinto, P.S.A. and Vanetti, M.C.D. and Bevilacqua, P.D. and Moraes, M.P. and Pinto, M.S.",2006,SciELO,,pt,Não,Triagem título/resumo,Excluded,out of scope,
242,Hipertensión grave que complica el embarazo,"Castillo Fernández, Frank Alberto and Navas Ábalos, Noris",2006,SciELO,,es,Não,Triagem título/resumo,Excluded,out of scope,
243,"Salmonella spp. em carcaças, carne mecanicamente separada, lingüiças e cortes comerciais de frango","Carvalho, Angela Cleusa de Fátima Banzatto de and Cortez, Ana Lígia Lordello",2005,SciELO,,pt,Não,Triagem título/resumo,Excluded,out of scope,
244,Medidas objetivas das carcaças e composição química do lombo de cordeiros alimentados e terminados com três níveis de proteína bruta em creep feeding,"Ortiz, Jessé Siqueira and Costa, Ciniro and Garcia, Cledson Augusto and Silveira, Liciana Vaz de Arruda",2005,SciELO,,pt,Não,Triagem título/resumo,Excluded,out of scope,
245,La integración del valor de la res porcina: cambios originados por la devaluación monetaria en Argentina,"Paturlanne, V. and Basso, C.P and Vieites, C.M.",2005,SciELO,,es,Não,Triagem título/resumo,Excluded,out of scope,
246,Desempenho e rendimento de carcaça de quatro grupos genéticos de codornas para produção de carne,"Móri, Cleusa and Garcia, Edivaldo Antônio and Pavan, Ana Cláudia and Piccinin, Adriana and Pizzolante, Carla Cachoni",2005,SciELO,,pt,Não,Triagem título/resumo,Excluded,out of scope,
247,"Gases e ruídos em edificações para suínos: aplicação das normas NR-15, CIGR e ACGIH","Sampaio, Carlos A. de P. and Nääs, Irenilza de A. and Nader, Alexandre",2005,SciELO,,pt,Não,Triagem título/resumo,Excluded,out of scope,
248,Efeito do gelo clorado sobre parâmetros químicos e microbiológicos da carne de carpa capim (Ctenopharyngodon idella),"Scherer, Rodrigo and Daniel, Ana P. and Augusti, Paula R. and Lazzari, Rafael and Lima, Ronaldo L. de and Fries, Leadir L. M. and Radunz Neto, João and Emanuelli, Tatiana",2004,SciELO,,pt,Não,Triagem título/resumo,Excluded,out of scope,
249,Efeitos do sexo e do tempo de maturação sobre a qualidade da carne ovina,"Gonçalves, Lorrance A. G. and Zapata, Jorge F.F. and Rodrigues, Maria do Carmo P. and Borges, Ângela S.",2004,SciELO,,pt,Não,Triagem título/resumo,Excluded,out of scope,
250,Atención de niños con síndrome de Down,"SASTRE, DIANA and ZABALA, CRISTINA and LANZA, ANDREA",2004,SciELO,,es,Não,Triagem título/resumo,Excluded,out of scope,
251,Estudo do aproveitamento das vísceras do jacaré do pantanal (Caiman crocodilus yacare ) em farinha de carne,"Romanelli, Pedro Fernando and Schmidt, Juliana",2003,SciELO,,pt,Não,Triagem título/resumo,Excluded,out of scope,
252,"Evaluación de la Jornada Nacional de Vacunación en Bogotá D.C., 2001","Prieto Alvarado, Franklynn E. and de la Hoz Restrepo, Fernando P.",2003,SciELO,,es,Não,Triagem título/resumo,Excluded,out of scope,
253,Fatores de risco associados com artrites em suínos de abate,"Morés, N. and Pierosan, R. and Amaral, A.L. and Barioni Júnior, W.",2003,SciELO,,pt,Não,Triagem título/resumo,Excluded,out of scope,
254,CUTANEOUS PYTHIOSIS IN A SLAUGHTERED HORSE: A CASE REPORT,"Headley, S.A. and Arruda Jr, H.N. and Leggi, T.C.S.S. and Bett, V.",2002,SciELO,10.1590/1808-1657v69n4p1092002,en,Não,Triagem título/resumo,Excluded,out of scope,
255,Produção de Carne em Cordeiros Cruza Border Leicester com Ovelhas Corriedale e Ideal,"Osório, José Carlos da Silveira and Oliveira, Nelson Manzoni de and Osório, Maria Teresa Moreira and Jardim, Rodrigo Desessard and Pimentel, Marcelo Alves",2002,SciELO,,pt,Não,Triagem título/resumo,Excluded,out of scope,
256,"Confirmación serológica de la rubéola en Costa Rica, 1998-1999","González, Luis and Sáenz, Elizabeth",2002,SciELO,,es,Não,Triagem título/resumo,Excluded,out of scope,
257,Bovine carcass sexing by PCR method,"Curi, Rogério Abdallah and Mota, Lígia Souza Lima Silveira da and Amarante, Mônica Regina Vendrame and Lopes, Catalina Romeiro",2002,SciELO,,en,Não,Triagem título/resumo,Excluded,out of scope,
258,USO DE CULTURAS INICIADORAS PARA A ELABORAÇÃO DE UM EMBUTIDO À BASE DE CARNE DE PATO (Cairina moschata),"CARIONI, Felipe Oliveira and PORTO, Anna Cláudia Simas and PADILHA, José Carlos Fiad and SANT'ANNA, Ernani Sebastião",2001,SciELO,,pt,Não,Triagem título/resumo,Excluded,out of scope,
259,EFEITOS DOS MÉTODOS DE ABATE DE BOVINOS NA EFICIÊNCIA DA SANGRIA,"ROÇA, Roberto de Oliveira and PADOVANI, Carlos Roberto and FILIPI, Mário Carlos de and SCHWACH, Erich and UEMI, Alberto and SHINKAI, Roberto Takeo and BIONDI, Germano Francisco",2001,SciELO,,pt,Não,Triagem título/resumo,Excluded,out of scope,
260,Uso de un protocolo estandarizado en 14 países para identificar factores que afectan la eficiencia de los servicios de inseminación artificial en ganado bovino a través de análisis de progesterona,"García P, Mario and Goodger, W.J and Bennett, T and Perera, B.M.A.O",2001,SciELO,,es,Não,Triagem título/resumo,Excluded,out of scope,
261,A padronização na gestão da cadeia de suprimentos da carne bovina por supermercados,"Brum, Bruno Leonardo Ravaiani and Jank, Marcos Sawaya",2001,SciELO,,pt,Não,Triagem título/resumo,Excluded,out of scope,
262,Gamma irradiation in the control of pathogenic bacteria in refrigerated ground chicken meat,"Spoto, Marta Helena Filet and Gallo, Cláudio Rosa and Alcarde, André Ricardo and Gurgel, Maria Sílvia do Amaral and Blumer, Lucimara and Walder, Júlio Marcos Melges and Domarco, Rachel Elisabeth",2000,SciELO,,en,Não,Triagem título/resumo,Excluded,out of scope,
263,Epidemiologia da teníase/cisticercose por Taenia solium e Taenia saginata,"Pfuetzenreiter, Márcia Regina and Pires, Fernando Dias de Ávila",2000,SciELO,,pt,Não,Triagem título/resumo,Excluded,out of scope,
264,Qualidade na indústria agroalimentar: situação atual e perspectivas,"Toledo, José Carlos de and Batalha, Mário Otávio and Amaral, Daniel Capaldo",2000,SciELO,,pt,Não,Triagem título/resumo,Excluded,out of scope,
265,Ocorrência de resíduos de dietilestilbestrol e zeranol em fígado de bovinos abatidos no Brasil,"CARDOSO, Olga Maria Chaves and SILVA, Teófilo José Pimentel and SANTOS, Wagner Luiz Moreira and PESQUERO, Jorge Luiz",1999,SciELO,,pt,Não,Triagem título/resumo,Excluded,out of scope,
266,Os leilões sob a ótica da economia institucional: evidências no mercado bovino,"Machado Filho, Cláudio Antonio Pinheiro and Zylbersztajn, Decio",1999,SciELO,,pt,Não,Triagem título/resumo,Excluded,out of scope,
267,Colesterol e composição dos ácidos graxos nas dietas para humanos e na carcaça suína,"Ludke, Maria do Carmo Mohaupt Marques and López, Jorge",1999,SciELO,,pt,Não,Triagem título/resumo,Excluded,out of scope,
268,ANÁLISE MICROBIOLÓGICA DA CARNE DE JACARÉ DO PANTANAL (Caiman crocodilus yacare),"HOFFMANN, Fernando Leite and ROMANELLI, Pedro Fernando",1998,SciELO,,pt,Não,Triagem título/resumo,Excluded,out of scope,
269,DESENVOLVIMENTO POS-EMBRIONARIO DE Cochliomyia macellaria  (FABRICIUS) (DIPTERA: CALLIPHORIDAE)  CRIADA EM DIETAS NATURAIS PROCESSADAS EM CONDIÇÕES CONTROLADAS,"PAES, MARIA JOSE and MILWARD-DE-AZEVEDO, ELIANE M.",1998,SciELO,,pt,Não,Triagem título/resumo,Excluded,out of scope,
270,CARACTERÍSTICAS DE QUALIDADE DO CONTRAFILÉ (m. L. dorsi) DE TOUROS JOVENS DA RAÇA NELORE,"ABULARACH, Maria Lourdes S. and ROCHA, Carlos E. and FELÍCIO, P.E. de",1998,SciELO,,pt,Não,Triagem título/resumo,Excluded,out of scope,
271,Componentes do peso vivo em cordeiros da raça Corriedale,"Osório, José Carlos and Jardim, Pedro Osório and Pimentel, Marcelo and Pouey, Juvêncio and Lüder, Werner E. and Ávila, Clóvis José",1996,SciELO,,pt,Não,Triagem título/resumo,Excluded,out of scope,
272,NÍVEIS DE RESÍDUOS DE PRAGUICIDAS ORGANOCLORADOS E PCBs EM GORDURA BOVINA,"Salioni, E. M. C. and Nishikawa, A. M. and Aranha, S. and Taka, T.",1994,SciELO,10.1590/1808-1657v61n1-2p0331994,pt,Não,Triagem título/resumo,Excluded,out of scope,
273,INSPEÇÃO SANITÁRIA E CRITÉRIO DE JULGAMENTO DA CISTICERCOSE BOVINA CALCIFICADA. INFECÇÃO LEVE,"Rodrigues, Lauro Vicente Campello",1993,SciELO,,pt,Não,Triagem título/resumo,Excluded,out of scope,
274,Níveis de resíduos de praguicidas organoclorados em produtos cárneos sob inspeção federal,"Carvalho, João Pessoa de Paula and Nishikawa, Amélia Mitico and Fay, Elisabeth Francisconi",1980,SciELO,,pt,Não,Triagem título/resumo,Excluded,out of scope,
275,Microbiologia da carne moída: 3. avaliação da qualidade em diferentes épocas do ano,"Martinelli Filho, Alcides and Graner, Murilo and Cruz, Vivaldo F. Da",1975,SciELO,,pt,Não,Triagem título/resumo,Excluded,out of scope,
276,O teor de matéria graxa da manjuba (Anchoviella hubbsi Hildebrand) do Rio Ribeira de Iguape,"Furuya, Masayuki",1959,SciELO,,pt,Não,Triagem título/resumo,Excluded,out of scope,
277,"Is cultured meat a promising consumer alternative? Exploring key factors determining consumer's willingness to try, buy and pay a premium for cultured meat","Rombach, M. and Dean, D. and Vriesekoop, F. and de Koning, W. and Aguiar, L.K. and Anderson, M. and Mongondry, P. and Oppong-Gyamfi, M. and Urbano, B. and Gómez Luciano, C.A. and Hao, W. and Eastwick, E. and Jiang, Z.V. and Boereboom, A.",2022,Scopus,10.1016/j.appet.2022.106307,en,Não,Full-text eligibility,Excluded,no significant regulatory sections,
278,Promises and uncertainties in the cultivated proteins market: Perspectives from Germany and Brazil,"Reis, G.G. and Martins da Silva, B.D.F. and Hartmann, A.L. and Venus, T.E.",2025,Scopus,10.1016/j.foodpol.2025.102820,en,Não,Full-text eligibility,Excluded,no significant regulatory sections,
279,Brazilian consumers’ attitudes towards so‐called “cell‐based meat”,"Chriki, S. and Payet, V. and Pflanzer, S.B. and Ellies‐oury, M.-P. and Liu, J. and Hocquette, É. and Rezende‐de‐souza, J.H. and Hocquette, J.-F.",2021,Google Scholar + PubMed + Scopus,10.3390/foods10112588,en,Não,Full-text eligibility,Excluded,no significant regulatory sections,
280,"Global Insights into Cultured Meat: Uncovering Production Processes, Potential Hazards, Regulatory Frameworks, and Key Challenges—A Scoping Review","Zandonadi, R.P. and Ramos, M.C. and Elias, F.T.S. and Guimarães, N.S.",2025,Google Scholar + PubMed + Scopus,10.3390/foods14010129,en,Não,Full-text eligibility,Included,,
281,The social impacts of a transition from conventional to cultivated and plant-based meats: Evidence from Brazil,"Luiz Morais-da-Silva, R. and Glufke Reis, G. and Sanctorum, H. and Forte Maiolino Molento, C.",2022,Google Scholar + Scopus,10.1016/j.foodpol.2022.102337,en,Não,Triagem título/resumo,Excluded,no significant regulatory sections,
282,Analyzing the importance of attributes for Brazilian consumers to replace conventional beef with cultured meat,"De Oliveira, G.A. and Domingues, C.H.D.F. and Borges, J.A.R.",2021,Google Scholar + Scopus,10.1371/journal.pone.0251432,en,Não,Full-text eligibility,Excluded,no significant regulatory sections,
283,"The social impact of cultivated and plant-based meats as radical innovations in the food chain: Views from Brazil, the United States and Europe","Morais-da-Silva, R.L. and Reis, G.G. and Sanctorum, H. and Molento, C.F.M.",2022,Google Scholar + Scopus,10.3389/fsufs.2022.1056615,en,Não,Triagem título/resumo,Excluded,no significant regulatory sections,
284,Global Viewpoint on Cultured Meat: A Bibliometric Assessment from 1952-2023,"Idamokoro, E.M.",2025,Scopus,10.3844/ajbbsp.2025.195.209,en,Não,Triagem título/resumo,Excluded,no significant regulatory sections,
285,"Consumption behavior and purchase intention of cultured meat in the capital of the “state of barbecue,” Brazil","Munz Fernandes, A. and Teixeira Costa, L. and de Souza Teixeira, O. and dos Santos, F.V. and Palma Revillion, J.P. and Leal de Souza, Â.R.",2021,Scopus,10.1108/BFJ-08-2020-0698,en,Não,Full-text eligibility,Excluded,no significant regulatory sections,
286,"The expected impact of cultivated and plant-based meats on jobs: the views of experts from Brazil, the United States and Europe","Morais-da-Silva, R.L. and Villar, E.G. and Reis, G.G. and Sanctorum, H. and Molento, C.F.M.",2022,Scopus,10.1057/s41599-022-01316-z,en,Não,Triagem título/resumo,Excluded,no significant regulatory sections,
